Branch Name,Supplier Name,Received At,Inventory Item Name,UOM,Quantity,Cost Per Unit,Batch Number,Expiry Date,Invoice Number,Notes
South Bay Store,FreshFarm Wholesale Co.,2025-11-24,Organic Whole Milk,Liter,70,3.29,BATCH-94269,2025-12-31,INV-841232,
Eastgate Shopping Center,FreshFarm Wholesale Co.,2025-11-16,Organic Whole Milk,Liter,78,3.71,BATCH-72601,2026-03-17,INV-393129,
Eastgate Shopping Center,Regional Supply Chain,2025-12-17,Organic Whole Milk,Liter,114,3.91,BATCH-75285,2026-06-03,INV-885871,Seasonal inventory
Northpoint Outlet,Eco-Friendly Suppliers,2026-01-05,Organic Whole Milk,Liter,133,3.02,BATCH-28657,2026-05-22,INV-428104,Rush delivery
Northpoint Outlet,Mega Suppliers Inc.,2025-11-06,Organic Whole Milk,Liter,180,3.71,BATCH-67744,2026-04-26,INV-515177,
Northpoint Outlet,Prime Importers,2025-11-25,Organic Whole Milk,Liter,145,3.03,BATCH-56161,2026-03-10,INV-625044,
Westside Mall Branch,Prime Importers,2026-02-01,Organic Whole Milk,Liter,81,3.66,BATCH-19151,2026-04-28,INV-328015,Seasonal inventory
Westside Mall Branch,Bulk Foods Warehouse,2025-12-16,Organic Whole Milk,Liter,75,3.38,BATCH-39190,2026-03-07,INV-677639,Promotional stock
Downtown Main Store,Mega Suppliers Inc.,2025-12-10,Organic Whole Milk,Liter,164,3.99,BATCH-86993,2026-03-01,INV-853875,Promotional stock
Downtown Main Store,Premium Grocers Supply,2025-12-31,Organic Whole Milk,Liter,120,3.94,BATCH-74908,2026-02-17,INV-695485,
Downtown Main Store,Global Food Distributors,2025-12-12,Organic Whole Milk,Liter,205,3.26,BATCH-69439,2026-01-20,INV-735801,Quality checked and approved
Eastgate Shopping Center,Prime Importers,2025-11-21,Cheddar Cheese Block,Kilogram,63,8.51,BATCH-79902,2026-02-20,INV-251239,
Eastgate Shopping Center,Express Distribution Co.,2026-01-08,Cheddar Cheese Block,Kilogram,32,9.04,BATCH-46920,2026-06-25,INV-956828,Rush delivery
South Bay Store,Global Food Distributors,2026-01-15,Cheddar Cheese Block,Kilogram,36,9.68,BATCH-13248,2026-07-04,INV-260460,Seasonal inventory
South Bay Store,Global Food Distributors,2025-12-03,Cheddar Cheese Block,Kilogram,31,8.45,BATCH-39900,2026-01-17,INV-824448,
Northpoint Outlet,Regional Supply Chain,2025-12-29,Cheddar Cheese Block,Kilogram,63,9.54,BATCH-85875,2026-02-28,INV-522632,Rush delivery
Northpoint Outlet,Express Distribution Co.,2025-12-17,Cheddar Cheese Block,Kilogram,86,9.71,BATCH-75953,2026-04-06,INV-713916,
Northpoint Outlet,Regional Supply Chain,2025-11-26,Cheddar Cheese Block,Kilogram,48,10.05,BATCH-71926,2026-04-18,INV-134292,
Westside Mall Branch,Express Distribution Co.,2025-12-30,Cheddar Cheese Block,Kilogram,67,8.31,BATCH-84358,2026-02-14,INV-285958,
Westside Mall Branch,Quality Foods Ltd.,2026-01-29,Greek Yogurt Plain,Unit,58,2.49,BATCH-77593,2026-03-26,INV-622656,Quality checked and approved
Westside Mall Branch,Global Food Distributors,2025-12-01,Greek Yogurt Plain,Unit,140,2.23,BATCH-12667,2026-04-04,INV-383487,Quality checked and approved
Downtown Main Store,Global Food Distributors,2025-11-17,Greek Yogurt Plain,Unit,76,2.54,BATCH-32923,2026-05-01,INV-479307,Rush delivery
Downtown Main Store,Mega Suppliers Inc.,2026-01-08,Greek Yogurt Plain,Unit,84,2.56,BATCH-81276,2026-04-12,INV-187203,Rush delivery
Eastgate Shopping Center,Eco-Friendly Suppliers,2026-01-26,Greek Yogurt Plain,Unit,66,2.5,BATCH-49742,2026-07-09,INV-223171,Seasonal inventory
Eastgate Shopping Center,Premium Grocers Supply,2025-11-28,Greek Yogurt Plain,Unit,46,2.79,BATCH-82322,2026-01-11,INV-448057,
Eastgate Shopping Center,Prime Importers,2025-12-17,Greek Yogurt Plain,Unit,70,2.66,BATCH-60787,2026-04-08,INV-117741,
South Bay Store,Express Distribution Co.,2025-11-13,Greek Yogurt Plain,Unit,61,2.45,BATCH-20149,2026-03-26,INV-212126,
South Bay Store,Premium Grocers Supply,2025-12-04,Greek Yogurt Plain,Unit,59,2.79,BATCH-98458,2026-01-19,INV-268575,Promotional stock
South Bay Store,Prime Importers,2026-01-22,Greek Yogurt Plain,Unit,45,2.67,BATCH-11281,2026-06-19,INV-323670,Rush delivery
Eastgate Shopping Center,Mega Suppliers Inc.,2025-12-27,Butter Salted,Unit,45,3.72,BATCH-76200,2026-04-20,INV-876401,
Eastgate Shopping Center,Prime Importers,2025-12-23,Butter Salted,Unit,36,4.41,BATCH-32860,2026-03-21,INV-987807,
Eastgate Shopping Center,Regional Supply Chain,2026-01-19,Butter Salted,Unit,41,3.68,BATCH-65596,2026-07-05,INV-556969,Rush delivery
South Bay Store,Global Food Distributors,2026-01-29,Butter Salted,Unit,30,3.63,BATCH-10739,2026-06-10,INV-214746,Seasonal inventory
South Bay Store,Eco-Friendly Suppliers,2025-11-30,Butter Salted,Unit,43,4.07,BATCH-12634,2026-02-05,INV-178275,Promotional stock
South Bay Store,Premium Grocers Supply,2026-01-19,Butter Salted,Unit,72,4.28,BATCH-87031,2026-05-11,INV-423273,Quality checked and approved
Westside Mall Branch,Bulk Foods Warehouse,2026-01-08,Butter Salted,Unit,52,4.67,BATCH-18432,2026-03-26,INV-755261,Rush delivery
Eastgate Shopping Center,Premium Grocers Supply,2026-01-04,Fresh Orange Juice,Liter,51,4.3,BATCH-72979,,INV-619183,Promotional stock
Downtown Main Store,Global Food Distributors,2025-11-29,Fresh Orange Juice,Liter,115,5,BATCH-12693,,INV-446649,Seasonal inventory
Westside Mall Branch,Quality Foods Ltd.,2025-12-01,Fresh Orange Juice,Liter,64,3.98,BATCH-95051,,INV-373520,
Westside Mall Branch,Prime Importers,2026-01-25,Fresh Orange Juice,Liter,64,4.58,BATCH-47549,,INV-463425,Promotional stock
Westside Mall Branch,Bulk Foods Warehouse,2025-11-16,Fresh Orange Juice,Liter,101,4.86,BATCH-67913,,INV-859098,Promotional stock
South Bay Store,Bulk Foods Warehouse,2025-11-20,Fresh Orange Juice,Liter,73,4.75,BATCH-48794,,INV-633825,Seasonal inventory
South Bay Store,Eco-Friendly Suppliers,2025-11-12,Fresh Orange Juice,Liter,82,4.83,BATCH-23162,,INV-476357,
Eastgate Shopping Center,Prime Importers,2025-12-31,Coca Cola 2L,Unit,171,2.18,BATCH-91931,,INV-694940,Promotional stock
Eastgate Shopping Center,FreshFarm Wholesale Co.,2025-12-07,Coca Cola 2L,Unit,107,2.17,BATCH-44407,,INV-662674,Rush delivery
South Bay Store,Eco-Friendly Suppliers,2026-01-17,Coca Cola 2L,Unit,106,2.01,BATCH-85413,,INV-799667,Seasonal inventory
South Bay Store,Mega Suppliers Inc.,2025-11-29,Coca Cola 2L,Unit,211,1.88,BATCH-80919,,INV-700977,Quality checked and approved
South Bay Store,Prime Importers,2026-01-16,Coca Cola 2L,Unit,214,2.32,BATCH-21039,,INV-684704,Promotional stock
Westside Mall Branch,Eco-Friendly Suppliers,2026-01-21,Coca Cola 2L,Unit,98,1.98,BATCH-61540,,INV-884175,Promotional stock
Westside Mall Branch,Regional Supply Chain,2025-12-16,Coca Cola 2L,Unit,190,2.08,BATCH-34344,,INV-696850,Quality checked and approved
Westside Mall Branch,Premium Grocers Supply,2025-12-10,Coca Cola 2L,Unit,227,2.38,BATCH-47500,,INV-229958,
Downtown Main Store,Quality Foods Ltd.,2025-11-25,Mineral Water 500ml,Unit,235,1.03,BATCH-21082,,INV-150601,Rush delivery
Eastgate Shopping Center,Eco-Friendly Suppliers,2025-12-30,Mineral Water 500ml,Unit,107,0.89,BATCH-99133,,INV-208108,
Eastgate Shopping Center,Bulk Foods Warehouse,2026-01-23,Mineral Water 500ml,Unit,100,1.02,BATCH-62380,,INV-735344,Quality checked and approved
Eastgate Shopping Center,Quality Foods Ltd.,2026-01-14,Mineral Water 500ml,Unit,106,1,BATCH-79081,,INV-378056,Rush delivery
Northpoint Outlet,Bulk Foods Warehouse,2026-01-20,Mineral Water 500ml,Unit,258,0.79,BATCH-72744,,INV-485474,Promotional stock
Northpoint Outlet,Global Food Distributors,2026-01-28,Mineral Water 500ml,Unit,200,0.99,BATCH-74484,,INV-207752,Rush delivery
Northpoint Outlet,Mega Suppliers Inc.,2026-01-05,Mineral Water 500ml,Unit,283,0.82,BATCH-29298,,INV-866534,Promotional stock
South Bay Store,Bulk Foods Warehouse,2025-12-20,Mineral Water 500ml,Unit,233,1,BATCH-26212,,INV-375223,
South Bay Store,Regional Supply Chain,2025-11-12,Mineral Water 500ml,Unit,390,0.87,BATCH-22225,,INV-923654,Quality checked and approved
South Bay Store,Eco-Friendly Suppliers,2025-11-05,Mineral Water 500ml,Unit,192,0.81,BATCH-85981,,INV-849178,
Westside Mall Branch,Premium Grocers Supply,2026-01-06,Mineral Water 500ml,Unit,213,0.94,BATCH-72257,,INV-359711,
Westside Mall Branch,Express Distribution Co.,2026-01-11,Mineral Water 500ml,Unit,365,0.94,BATCH-26151,,INV-489099,
Westside Mall Branch,Eco-Friendly Suppliers,2026-01-08,Green Tea Bags,Unit,37,6.99,BATCH-85044,,INV-727403,Promotional stock
Eastgate Shopping Center,Regional Supply Chain,2025-12-14,Green Tea Bags,Unit,62,5.7,BATCH-23641,,INV-873451,
Downtown Main Store,Regional Supply Chain,2025-12-27,Green Tea Bags,Unit,21,7.11,BATCH-88552,,INV-523670,
Northpoint Outlet,Quality Foods Ltd.,2025-12-23,Green Tea Bags,Unit,46,5.47,BATCH-74336,,INV-133630,Rush delivery
Northpoint Outlet,Bulk Foods Warehouse,2026-01-18,Green Tea Bags,Unit,67,6.06,BATCH-37082,,INV-802568,
South Bay Store,Express Distribution Co.,2025-11-25,Green Tea Bags,Unit,30,6.55,BATCH-18948,,INV-350292,Promotional stock
South Bay Store,Regional Supply Chain,2025-12-30,Green Tea Bags,Unit,51,5.43,BATCH-69988,,INV-453277,
Westside Mall Branch,Bulk Foods Warehouse,2025-12-20,Arabica Coffee Beans,Kilogram,18,15.08,BATCH-77738,,INV-285505,Seasonal inventory
Northpoint Outlet,Mega Suppliers Inc.,2026-01-03,Arabica Coffee Beans,Kilogram,36,17.66,BATCH-75155,,INV-527529,
South Bay Store,Bulk Foods Warehouse,2025-11-07,Arabica Coffee Beans,Kilogram,35,19.68,BATCH-33652,,INV-460995,Quality checked and approved
South Bay Store,Bulk Foods Warehouse,2025-11-28,Arabica Coffee Beans,Kilogram,16,18.56,BATCH-39292,,INV-321102,
South Bay Store,Bulk Foods Warehouse,2025-12-24,Arabica Coffee Beans,Kilogram,26,16.13,BATCH-75305,,INV-963801,Rush delivery
Downtown Main Store,Prime Importers,2026-01-28,Arabica Coffee Beans,Kilogram,45,15.1,BATCH-23207,,INV-123710,
Downtown Main Store,Eco-Friendly Suppliers,2025-11-15,Arabica Coffee Beans,Kilogram,33,18.1,BATCH-61309,,INV-305533,Promotional stock
Downtown Main Store,Prime Importers,2025-12-02,Arabica Coffee Beans,Kilogram,23,15.61,BATCH-42576,,INV-524772,
Eastgate Shopping Center,Prime Importers,2026-01-25,Arabica Coffee Beans,Kilogram,34,15.43,BATCH-50047,,INV-111892,Rush delivery
Northpoint Outlet,Quality Foods Ltd.,2026-01-06,Fresh Bananas,Kilogram,113,1.74,BATCH-89131,2026-05-07,INV-587350,
Northpoint Outlet,Bulk Foods Warehouse,2026-01-08,Fresh Bananas,Kilogram,45,1.76,BATCH-86002,2026-03-13,INV-319912,Promotional stock
Northpoint Outlet,Regional Supply Chain,2025-11-09,Fresh Bananas,Kilogram,83,1.89,BATCH-38423,2026-01-07,INV-910754,Quality checked and approved
Eastgate Shopping Center,FreshFarm Wholesale Co.,2026-01-10,Fresh Bananas,Kilogram,105,1.82,BATCH-22325,2026-02-28,INV-866615,
Eastgate Shopping Center,Bulk Foods Warehouse,2025-11-30,Fresh Bananas,Kilogram,75,1.81,BATCH-58522,2026-04-15,INV-671112,Promotional stock
Downtown Main Store,Bulk Foods Warehouse,2025-11-18,Fresh Bananas,Kilogram,88,1.55,BATCH-38156,2026-03-24,INV-924460,
Downtown Main Store,Premium Grocers Supply,2025-11-28,Fresh Bananas,Kilogram,59,1.84,BATCH-34730,2026-05-04,INV-773517,Seasonal inventory
Downtown Main Store,Express Distribution Co.,2025-12-31,Fresh Bananas,Kilogram,80,1.93,BATCH-85856,2026-03-26,INV-539047,Quality checked and approved
South Bay Store,FreshFarm Wholesale Co.,2025-11-19,Fresh Bananas,Kilogram,51,1.63,BATCH-14496,2026-03-16,INV-618637,
Westside Mall Branch,FreshFarm Wholesale Co.,2026-01-25,Fresh Bananas,Kilogram,54,1.78,BATCH-28942,2026-04-04,INV-107758,
Westside Mall Branch,Global Food Distributors,2025-11-10,Fresh Bananas,Kilogram,48,1.7,BATCH-77962,2026-03-18,INV-787629,
Westside Mall Branch,Premium Grocers Supply,2026-01-10,Fresh Bananas,Kilogram,109,1.97,BATCH-66402,2026-02-24,INV-728862,
Northpoint Outlet,Quality Foods Ltd.,2026-01-03,Red Apples,Kilogram,52,2.93,BATCH-29966,2026-03-02,INV-173863,
South Bay Store,Regional Supply Chain,2025-12-25,Red Apples,Kilogram,68,2.53,BATCH-69757,2026-03-02,INV-318780,Rush delivery
South Bay Store,Premium Grocers Supply,2026-01-19,Red Apples,Kilogram,96,2.86,BATCH-66591,2026-07-17,INV-973789,Quality checked and approved
Downtown Main Store,FreshFarm Wholesale Co.,2026-01-11,Red Apples,Kilogram,117,2.67,BATCH-21441,2026-06-04,INV-214604,
Downtown Main Store,Premium Grocers Supply,2026-01-03,Red Apples,Kilogram,108,2.92,BATCH-40929,2026-02-19,INV-399082,Seasonal inventory
Downtown Main Store,Prime Importers,2025-11-07,Red Apples,Kilogram,165,2.91,BATCH-46432,2025-12-07,INV-333650,Seasonal inventory
Downtown Main Store,Premium Grocers Supply,2025-11-08,Organic Tomatoes,Kilogram,52,3.58,BATCH-51199,2026-03-16,INV-367815,
South Bay Store,Regional Supply Chain,2026-01-21,Organic Tomatoes,Kilogram,53,3.49,BATCH-71886,2026-03-17,INV-464460,Rush delivery
Northpoint Outlet,Bulk Foods Warehouse,2025-11-05,Organic Tomatoes,Kilogram,53,3.35,BATCH-99751,2025-12-15,INV-614227,Rush delivery
Eastgate Shopping Center,Premium Grocers Supply,2025-12-07,Organic Tomatoes,Kilogram,105,3.35,BATCH-62614,2026-02-20,INV-555097,
Eastgate Shopping Center,Premium Grocers Supply,2025-12-14,Organic Tomatoes,Kilogram,57,3.12,BATCH-31170,2026-06-09,INV-387227,Quality checked and approved
Eastgate Shopping Center,Global Food Distributors,2025-12-11,Organic Tomatoes,Kilogram,70,3.29,BATCH-71552,2026-04-12,INV-741426,Promotional stock
Downtown Main Store,Mega Suppliers Inc.,2025-12-11,Fresh Carrots,Kilogram,79,1.82,BATCH-38212,2026-01-15,INV-734077,Seasonal inventory
Downtown Main Store,Premium Grocers Supply,2025-11-21,Fresh Carrots,Kilogram,31,2.26,BATCH-48335,2026-02-14,INV-136121,Promotional stock
Northpoint Outlet,Prime Importers,2026-01-22,Fresh Carrots,Kilogram,44,2.03,BATCH-91290,2026-03-19,INV-371217,
Northpoint Outlet,Premium Grocers Supply,2026-01-04,Fresh Carrots,Kilogram,67,2.39,BATCH-54681,2026-04-01,INV-558894,Rush delivery
Northpoint Outlet,Prime Importers,2026-01-17,Fresh Carrots,Kilogram,73,2.15,BATCH-71118,2026-04-11,INV-875923,
Eastgate Shopping Center,FreshFarm Wholesale Co.,2026-01-23,Fresh Carrots,Kilogram,69,1.85,BATCH-19507,2026-06-11,INV-576075,Seasonal inventory
Eastgate Shopping Center,Bulk Foods Warehouse,2025-11-26,Fresh Carrots,Kilogram,70,1.95,BATCH-79068,2026-05-17,INV-595873,Promotional stock
South Bay Store,Regional Supply Chain,2025-11-07,Fresh Carrots,Kilogram,98,1.97,BATCH-22006,2026-02-15,INV-528183,
Westside Mall Branch,Eco-Friendly Suppliers,2026-01-07,Fresh Carrots,Kilogram,78,2.15,BATCH-47760,2026-05-16,INV-373219,Rush delivery
Westside Mall Branch,Regional Supply Chain,2025-12-14,Broccoli Crowns,Kilogram,42,3.89,BATCH-18134,2026-02-15,INV-952697,
Westside Mall Branch,Premium Grocers Supply,2025-11-28,Broccoli Crowns,Kilogram,44,4.14,BATCH-62180,2026-03-02,INV-546699,
Westside Mall Branch,Quality Foods Ltd.,2026-01-15,Broccoli Crowns,Kilogram,36,3.75,BATCH-14472,2026-02-18,INV-705796,
South Bay Store,Eco-Friendly Suppliers,2026-01-13,Broccoli Crowns,Kilogram,63,3.35,BATCH-29045,2026-02-14,INV-758465,Rush delivery
South Bay Store,Express Distribution Co.,2026-01-04,Broccoli Crowns,Kilogram,23,3.39,BATCH-54949,2026-02-21,INV-675759,
South Bay Store,Mega Suppliers Inc.,2026-01-31,Broccoli Crowns,Kilogram,36,3.46,BATCH-64440,2026-03-14,INV-435269,Seasonal inventory
Downtown Main Store,Prime Importers,2025-11-10,Broccoli Crowns,Kilogram,37,4.3,BATCH-58497,2026-01-19,INV-726351,Quality checked and approved
Eastgate Shopping Center,FreshFarm Wholesale Co.,2025-11-13,Broccoli Crowns,Kilogram,53,3.86,BATCH-24814,2026-02-18,INV-873138,
Eastgate Shopping Center,Premium Grocers Supply,2026-01-19,Broccoli Crowns,Kilogram,24,3.61,BATCH-29813,2026-03-09,INV-347767,Promotional stock
Eastgate Shopping Center,Prime Importers,2025-11-20,Broccoli Crowns,Kilogram,38,4.14,BATCH-15349,2026-03-07,INV-438406,Promotional stock
Northpoint Outlet,Premium Grocers Supply,2025-12-19,Broccoli Crowns,Kilogram,27,4.22,BATCH-20129,2026-01-23,INV-387274,
Northpoint Outlet,Premium Grocers Supply,2026-01-05,Broccoli Crowns,Kilogram,49,3.82,BATCH-93127,2026-03-18,INV-217224,Rush delivery
Northpoint Outlet,Express Distribution Co.,2025-11-13,Broccoli Crowns,Kilogram,24,3.85,BATCH-40525,2026-03-14,INV-731937,Promotional stock
Northpoint Outlet,Quality Foods Ltd.,2026-01-24,Iceberg Lettuce,Unit,27,1.85,BATCH-94590,2026-07-16,INV-621081,Seasonal inventory
Eastgate Shopping Center,Premium Grocers Supply,2026-02-02,Iceberg Lettuce,Unit,27,1.79,BATCH-62239,2026-04-28,INV-644060,Rush delivery
Eastgate Shopping Center,Bulk Foods Warehouse,2026-01-07,Iceberg Lettuce,Unit,26,1.94,BATCH-30499,2026-07-04,INV-733012,Promotional stock
Downtown Main Store,Bulk Foods Warehouse,2025-11-26,Iceberg Lettuce,Unit,33,1.76,BATCH-74768,2026-04-25,INV-289346,Promotional stock
Downtown Main Store,Regional Supply Chain,2025-12-19,Iceberg Lettuce,Unit,71,1.81,BATCH-99892,2026-06-12,INV-429453,
Downtown Main Store,Global Food Distributors,2025-12-06,Iceberg Lettuce,Unit,81,2.02,BATCH-84566,2026-01-15,INV-197739,
South Bay Store,Global Food Distributors,2025-12-18,Iceberg Lettuce,Unit,27,1.86,BATCH-42239,2026-03-17,INV-636953,Seasonal inventory
South Bay Store,Regional Supply Chain,2025-12-04,Iceberg Lettuce,Unit,52,2.01,BATCH-38802,2026-02-15,INV-327414,
South Bay Store,FreshFarm Wholesale Co.,2026-01-07,Iceberg Lettuce,Unit,66,2.07,BATCH-54031,2026-04-22,INV-653818,
Westside Mall Branch,Regional Supply Chain,2025-12-24,Iceberg Lettuce,Unit,26,1.91,BATCH-90645,2026-06-21,INV-249501,Seasonal inventory
Westside Mall Branch,Prime Importers,2025-12-28,Iceberg Lettuce,Unit,37,1.93,BATCH-44772,2026-04-13,INV-997784,
Westside Mall Branch,Bulk Foods Warehouse,2025-11-25,Iceberg Lettuce,Unit,44,1.77,BATCH-76919,2026-01-20,INV-142858,
Northpoint Outlet,Mega Suppliers Inc.,2025-12-30,Chicken Breast Boneless,Kilogram,41,8.03,BATCH-71906,2026-01-29,INV-580054,
Eastgate Shopping Center,Global Food Distributors,2025-11-29,Chicken Breast Boneless,Kilogram,44,7.83,BATCH-81723,2026-04-22,INV-886923,Quality checked and approved
Eastgate Shopping Center,FreshFarm Wholesale Co.,2025-11-08,Chicken Breast Boneless,Kilogram,59,8.24,BATCH-37108,2026-01-28,INV-796485,Rush delivery
Eastgate Shopping Center,Premium Grocers Supply,2026-02-02,Chicken Breast Boneless,Kilogram,69,8.37,BATCH-83685,2026-04-22,INV-943379,Quality checked and approved
South Bay Store,FreshFarm Wholesale Co.,2026-01-07,Chicken Breast Boneless,Kilogram,85,9.51,BATCH-72274,2026-03-14,INV-879597,
Westside Mall Branch,Bulk Foods Warehouse,2026-01-24,Chicken Breast Boneless,Kilogram,78,8.09,BATCH-71410,2026-07-15,INV-591249,Promotional stock
Westside Mall Branch,Regional Supply Chain,2025-11-28,Chicken Breast Boneless,Kilogram,88,9.36,BATCH-82451,2026-01-01,INV-138495,
Westside Mall Branch,Express Distribution Co.,2025-11-13,Chicken Breast Boneless,Kilogram,65,7.28,BATCH-91391,2026-04-08,INV-886743,
South Bay Store,Global Food Distributors,2026-01-16,Ground Beef 85/15,Kilogram,34,7.66,BATCH-73785,2026-04-15,INV-109356,
South Bay Store,Bulk Foods Warehouse,2026-01-19,Ground Beef 85/15,Kilogram,64,6.73,BATCH-99102,2026-05-16,INV-808162,Seasonal inventory
Eastgate Shopping Center,Regional Supply Chain,2025-11-05,Ground Beef 85/15,Kilogram,77,6.41,BATCH-84735,2025-12-13,INV-271020,
Eastgate Shopping Center,Regional Supply Chain,2025-12-04,Ground Beef 85/15,Kilogram,26,7.53,BATCH-18772,2026-05-11,INV-780805,
Northpoint Outlet,Mega Suppliers Inc.,2025-11-14,Ground Beef 85/15,Kilogram,74,6.54,BATCH-49816,2026-02-13,INV-702301,
Northpoint Outlet,FreshFarm Wholesale Co.,2026-01-25,Ground Beef 85/15,Kilogram,79,6.62,BATCH-20037,2026-05-03,INV-729313,Rush delivery
Downtown Main Store,Quality Foods Ltd.,2025-11-19,Ground Beef 85/15,Kilogram,50,6.71,BATCH-31580,2026-04-30,INV-460211,
Downtown Main Store,Prime Importers,2025-12-10,Ground Beef 85/15,Kilogram,73,6.38,BATCH-62223,2026-04-06,INV-601787,
Westside Mall Branch,Premium Grocers Supply,2025-11-24,Ground Beef 85/15,Kilogram,33,7.16,BATCH-15277,2026-04-25,INV-765625,Quality checked and approved
Westside Mall Branch,Quality Foods Ltd.,2025-11-23,Ground Beef 85/15,Kilogram,83,6.2,BATCH-76861,2026-04-23,INV-319403,Promotional stock
South Bay Store,Prime Importers,2025-12-11,Pork Chops,Kilogram,46,7.81,BATCH-84783,2026-02-08,INV-770002,
South Bay Store,FreshFarm Wholesale Co.,2025-11-15,Pork Chops,Kilogram,54,7.48,BATCH-15567,2026-04-29,INV-348995,Promotional stock
Downtown Main Store,Quality Foods Ltd.,2025-12-27,Pork Chops,Kilogram,65,6.59,BATCH-18659,2026-05-18,INV-732857,Quality checked and approved
Downtown Main Store,Eco-Friendly Suppliers,2026-01-12,Pork Chops,Kilogram,70,7.09,BATCH-57190,2026-05-03,INV-597564,Rush delivery
Downtown Main Store,Mega Suppliers Inc.,2025-11-29,Pork Chops,Kilogram,53,7.52,BATCH-82570,2026-05-21,INV-897431,
Northpoint Outlet,Premium Grocers Supply,2026-01-15,Pork Chops,Kilogram,57,6.69,BATCH-45264,2026-07-13,INV-828917,
Eastgate Shopping Center,Eco-Friendly Suppliers,2025-11-22,Pork Chops,Kilogram,20,7.86,BATCH-92289,2026-01-27,INV-750554,
Eastgate Shopping Center,Prime Importers,2026-01-25,Pork Chops,Kilogram,20,7.99,BATCH-68886,2026-06-21,INV-300009,
Westside Mall Branch,Prime Importers,2025-12-13,Fresh Salmon Fillet,Kilogram,38,14.72,BATCH-24454,2026-03-16,INV-663481,Seasonal inventory
South Bay Store,Quality Foods Ltd.,2025-12-04,Fresh Salmon Fillet,Kilogram,26,13.73,BATCH-73464,2026-01-14,INV-860722,
Downtown Main Store,Prime Importers,2025-11-29,Fresh Salmon Fillet,Kilogram,56,12.26,BATCH-74260,2026-03-22,INV-805268,
South Bay Store,FreshFarm Wholesale Co.,2025-11-21,Jumbo Shrimp,Kilogram,41,14.78,BATCH-87298,2026-04-30,INV-714935,
Northpoint Outlet,Express Distribution Co.,2025-12-21,Jumbo Shrimp,Kilogram,11,16.2,BATCH-99005,2026-05-09,INV-572438,Promotional stock
Westside Mall Branch,Global Food Distributors,2025-11-23,Jumbo Shrimp,Kilogram,27,17.14,BATCH-84472,2026-01-10,INV-317576,Seasonal inventory
Westside Mall Branch,Express Distribution Co.,2025-11-09,Jumbo Shrimp,Kilogram,25,13.85,BATCH-58874,2026-02-16,INV-277184,Promotional stock
Westside Mall Branch,FreshFarm Wholesale Co.,2025-11-12,Jumbo Shrimp,Kilogram,25,13.98,BATCH-37919,2026-04-26,INV-561981,
Eastgate Shopping Center,Prime Importers,2025-12-16,Jumbo Shrimp,Kilogram,25,14.11,BATCH-66111,2026-05-17,INV-466497,Promotional stock
Downtown Main Store,FreshFarm Wholesale Co.,2026-02-02,White Bread Loaf,Unit,49,2.59,BATCH-36298,2026-05-16,INV-490388,Rush delivery
Downtown Main Store,Express Distribution Co.,2025-11-22,White Bread Loaf,Unit,60,2.33,BATCH-74072,2026-03-24,INV-502603,Rush delivery
Downtown Main Store,FreshFarm Wholesale Co.,2025-12-06,White Bread Loaf,Unit,54,2.76,BATCH-47447,2026-04-20,INV-164583,
South Bay Store,Regional Supply Chain,2025-11-05,White Bread Loaf,Unit,66,2.36,BATCH-69743,2026-01-18,INV-158258,Promotional stock
South Bay Store,Global Food Distributors,2026-01-14,White Bread Loaf,Unit,63,2.58,BATCH-82296,2026-06-25,INV-398114,
South Bay Store,Global Food Distributors,2025-11-27,White Bread Loaf,Unit,87,2.21,BATCH-58278,2026-02-22,INV-663966,
Westside Mall Branch,Bulk Foods Warehouse,2026-01-24,White Bread Loaf,Unit,139,2.54,BATCH-71539,2026-06-18,INV-189546,
Westside Mall Branch,Quality Foods Ltd.,2026-01-06,White Bread Loaf,Unit,109,2.7,BATCH-19517,2026-02-15,INV-893645,
Westside Mall Branch,Quality Foods Ltd.,2025-11-22,White Bread Loaf,Unit,113,2.41,BATCH-56048,2026-01-01,INV-942105,Promotional stock
Northpoint Outlet,Global Food Distributors,2026-01-03,White Bread Loaf,Unit,83,2.52,BATCH-37987,2026-05-16,INV-851150,Seasonal inventory
Northpoint Outlet,Prime Importers,2025-12-08,White Bread Loaf,Unit,93,2.62,BATCH-87552,2026-01-18,INV-599118,Seasonal inventory
Northpoint Outlet,Mega Suppliers Inc.,2026-01-22,White Bread Loaf,Unit,92,2.65,BATCH-17241,2026-05-02,INV-583846,
Northpoint Outlet,Eco-Friendly Suppliers,2025-12-16,Whole Wheat Bread,Unit,77,3.04,BATCH-96354,2026-03-03,INV-198336,
Westside Mall Branch,Eco-Friendly Suppliers,2025-11-29,Whole Wheat Bread,Unit,100,3.21,BATCH-33779,2026-03-24,INV-934583,
Westside Mall Branch,Regional Supply Chain,2026-01-26,Whole Wheat Bread,Unit,53,2.81,BATCH-30291,2026-03-15,INV-206859,Seasonal inventory
South Bay Store,FreshFarm Wholesale Co.,2025-11-26,Whole Wheat Bread,Unit,88,3.18,BATCH-65078,2026-04-30,INV-899285,
South Bay Store,Premium Grocers Supply,2025-12-17,Whole Wheat Bread,Unit,115,2.93,BATCH-38935,2026-02-25,INV-714778,Seasonal inventory
South Bay Store,Eco-Friendly Suppliers,2026-01-04,Whole Wheat Bread,Unit,35,2.64,BATCH-55397,2026-05-12,INV-184053,Promotional stock
Eastgate Shopping Center,Regional Supply Chain,2025-11-19,Whole Wheat Bread,Unit,119,2.71,BATCH-99784,2026-01-12,INV-954505,Rush delivery
Eastgate Shopping Center,Regional Supply Chain,2025-12-03,Whole Wheat Bread,Unit,95,3.19,BATCH-51546,2026-04-09,INV-649836,
Eastgate Shopping Center,Express Distribution Co.,2025-11-10,Croissants 6-Pack,Unit,67,4.4,BATCH-57265,2026-03-08,INV-784010,Promotional stock
South Bay Store,Global Food Distributors,2026-01-16,Croissants 6-Pack,Unit,43,4.37,BATCH-26724,2026-06-04,INV-352889,
Westside Mall Branch,Mega Suppliers Inc.,2025-12-12,Croissants 6-Pack,Unit,32,4.66,BATCH-18098,2026-01-15,INV-334167,Rush delivery
Downtown Main Store,Prime Importers,2025-12-01,Croissants 6-Pack,Unit,55,4.78,BATCH-86867,2026-05-07,INV-312495,
Downtown Main Store,Bulk Foods Warehouse,2026-01-27,Croissants 6-Pack,Unit,46,5.45,BATCH-91783,2026-05-22,INV-937517,Rush delivery
Downtown Main Store,Mega Suppliers Inc.,2026-01-03,Chocolate Chip Cookies,Unit,40,3.91,BATCH-14553,2026-05-19,INV-998773,
Northpoint Outlet,Global Food Distributors,2025-11-30,Chocolate Chip Cookies,Unit,68,3.76,BATCH-96752,2026-04-03,INV-670884,
Northpoint Outlet,Express Distribution Co.,2025-12-03,Chocolate Chip Cookies,Unit,64,4.18,BATCH-68601,2026-04-19,INV-462151,Promotional stock
Eastgate Shopping Center,Express Distribution Co.,2025-12-29,Chocolate Chip Cookies,Unit,30,3.32,BATCH-71266,2026-04-12,INV-113000,Promotional stock
Eastgate Shopping Center,Mega Suppliers Inc.,2025-12-16,Chocolate Chip Cookies,Unit,91,3.72,BATCH-82674,2026-03-31,INV-622126,
Eastgate Shopping Center,Prime Importers,2026-01-13,Chocolate Chip Cookies,Unit,46,3.41,BATCH-17041,2026-02-26,INV-436752,Seasonal inventory
South Bay Store,Premium Grocers Supply,2025-12-26,Chocolate Chip Cookies,Unit,88,4.27,BATCH-24392,2026-03-07,INV-732020,
South Bay Store,Mega Suppliers Inc.,2025-11-11,Chocolate Chip Cookies,Unit,45,3.45,BATCH-82621,2026-02-24,INV-107209,
South Bay Store,Mega Suppliers Inc.,2025-12-17,Birthday Cake 8 inch,Unit,6,16.89,BATCH-98232,2026-03-20,INV-199769,
South Bay Store,Express Distribution Co.,2025-11-08,Birthday Cake 8 inch,Unit,13,15.28,BATCH-96824,2026-03-06,INV-459120,
South Bay Store,Bulk Foods Warehouse,2025-12-06,Birthday Cake 8 inch,Unit,20,17.49,BATCH-54536,2026-02-13,INV-745361,Quality checked and approved
Eastgate Shopping Center,Prime Importers,2025-12-22,Birthday Cake 8 inch,Unit,12,19.02,BATCH-31700,2026-04-04,INV-925243,
Eastgate Shopping Center,Prime Importers,2025-12-17,Birthday Cake 8 inch,Unit,8,17.6,BATCH-86583,2026-01-24,INV-527238,Rush delivery
Downtown Main Store,Global Food Distributors,2025-12-14,Birthday Cake 8 inch,Unit,18,17.82,BATCH-44115,2026-04-25,INV-898687,Quality checked and approved
Downtown Main Store,Mega Suppliers Inc.,2025-12-11,Birthday Cake 8 inch,Unit,6,19.03,BATCH-24100,2026-01-15,INV-716251,Rush delivery
Westside Mall Branch,Mega Suppliers Inc.,2025-12-12,Birthday Cake 8 inch,Unit,13,17.22,BATCH-11297,2026-05-30,INV-656382,Promotional stock
Westside Mall Branch,Global Food Distributors,2025-11-13,Birthday Cake 8 inch,Unit,12,18.47,BATCH-77187,2026-04-10,INV-693935,Quality checked and approved
Northpoint Outlet,Regional Supply Chain,2026-01-02,Birthday Cake 8 inch,Unit,5,16.73,BATCH-31729,2026-05-20,INV-768971,
Westside Mall Branch,Eco-Friendly Suppliers,2025-11-13,Jasmine Rice 5kg,Unit,80,11.69,BATCH-87656,,INV-732403,
Westside Mall Branch,Regional Supply Chain,2026-01-04,Jasmine Rice 5kg,Unit,83,11.97,BATCH-28623,,INV-343739,Seasonal inventory
Eastgate Shopping Center,Premium Grocers Supply,2026-02-01,Jasmine Rice 5kg,Unit,69,10.81,BATCH-28665,,INV-947984,Quality checked and approved
Eastgate Shopping Center,Bulk Foods Warehouse,2026-01-31,Jasmine Rice 5kg,Unit,42,10.33,BATCH-57045,,INV-790429,
Eastgate Shopping Center,Prime Importers,2026-01-19,Jasmine Rice 5kg,Unit,76,9.18,BATCH-40967,,INV-692858,Seasonal inventory
Northpoint Outlet,Bulk Foods Warehouse,2025-12-14,Jasmine Rice 5kg,Unit,55,11.57,BATCH-63116,,INV-301274,Rush delivery
Northpoint Outlet,Bulk Foods Warehouse,2025-11-08,Jasmine Rice 5kg,Unit,64,10.19,BATCH-66437,,INV-766358,Rush delivery
Northpoint Outlet,Regional Supply Chain,2026-01-06,Jasmine Rice 5kg,Unit,28,9.43,BATCH-64420,,INV-982221,Rush delivery
South Bay Store,Quality Foods Ltd.,2026-01-02,Jasmine Rice 5kg,Unit,49,9.55,BATCH-28837,,INV-723259,
South Bay Store,Mega Suppliers Inc.,2026-01-15,Jasmine Rice 5kg,Unit,82,9.18,BATCH-85291,,INV-147087,
Downtown Main Store,Global Food Distributors,2026-01-02,Spaghetti Pasta 500g,Unit,41,2.21,BATCH-30860,,INV-182045,Rush delivery
Downtown Main Store,Global Food Distributors,2025-12-13,Spaghetti Pasta 500g,Unit,82,1.82,BATCH-46349,,INV-997533,
Eastgate Shopping Center,Eco-Friendly Suppliers,2025-12-12,Spaghetti Pasta 500g,Unit,137,1.86,BATCH-59056,,INV-979196,Seasonal inventory
Eastgate Shopping Center,Global Food Distributors,2026-01-19,Spaghetti Pasta 500g,Unit,59,1.86,BATCH-73465,,INV-121440,Quality checked and approved
Eastgate Shopping Center,Premium Grocers Supply,2025-12-05,Spaghetti Pasta 500g,Unit,91,2.03,BATCH-46641,,INV-624810,Promotional stock
Westside Mall Branch,Bulk Foods Warehouse,2025-12-09,Spaghetti Pasta 500g,Unit,50,1.89,BATCH-50873,,INV-920466,Rush delivery
Westside Mall Branch,Premium Grocers Supply,2026-01-28,Spaghetti Pasta 500g,Unit,68,2.03,BATCH-20290,,INV-324425,Seasonal inventory
Westside Mall Branch,Global Food Distributors,2025-11-06,Spaghetti Pasta 500g,Unit,103,2.03,BATCH-93538,,INV-183631,Rush delivery
South Bay Store,Eco-Friendly Suppliers,2026-01-24,Spaghetti Pasta 500g,Unit,56,2.29,BATCH-62462,,INV-248804,
Northpoint Outlet,FreshFarm Wholesale Co.,2025-12-26,All-Purpose Flour 2kg,Unit,55,4.03,BATCH-34540,,INV-260196,Promotional stock
Eastgate Shopping Center,Regional Supply Chain,2025-11-29,All-Purpose Flour 2kg,Unit,38,4.05,BATCH-91028,,INV-688900,Rush delivery
Eastgate Shopping Center,Global Food Distributors,2025-11-09,All-Purpose Flour 2kg,Unit,65,4.52,BATCH-19855,,INV-622828,Promotional stock
Westside Mall Branch,Premium Grocers Supply,2025-11-11,All-Purpose Flour 2kg,Unit,58,4.01,BATCH-43060,,INV-862894,
Downtown Main Store,Express Distribution Co.,2025-12-18,All-Purpose Flour 2kg,Unit,32,4.61,BATCH-69395,,INV-379454,
Downtown Main Store,Quality Foods Ltd.,2025-12-12,All-Purpose Flour 2kg,Unit,39,3.87,BATCH-18766,,INV-689359,
Downtown Main Store,Bulk Foods Warehouse,2025-12-08,All-Purpose Flour 2kg,Unit,30,3.67,BATCH-89456,,INV-472465,Quality checked and approved
South Bay Store,Eco-Friendly Suppliers,2025-12-17,White Sugar 1kg,Unit,56,2.5,BATCH-16968,,INV-304251,Quality checked and approved
Downtown Main Store,Mega Suppliers Inc.,2026-01-15,White Sugar 1kg,Unit,76,2.29,BATCH-52197,,INV-492538,
Downtown Main Store,Quality Foods Ltd.,2025-12-22,White Sugar 1kg,Unit,121,2.52,BATCH-37627,,INV-717063,
Downtown Main Store,FreshFarm Wholesale Co.,2025-12-31,White Sugar 1kg,Unit,97,2.5,BATCH-58088,,INV-506220,Promotional stock
Westside Mall Branch,Mega Suppliers Inc.,2025-12-02,White Sugar 1kg,Unit,89,2.56,BATCH-55246,,INV-228352,
Westside Mall Branch,Mega Suppliers Inc.,2025-12-26,White Sugar 1kg,Unit,109,2.26,BATCH-19577,,INV-256204,Rush delivery
Westside Mall Branch,Mega Suppliers Inc.,2025-12-09,White Sugar 1kg,Unit,115,2.71,BATCH-87255,,INV-674208,Rush delivery
Eastgate Shopping Center,Eco-Friendly Suppliers,2025-12-13,White Sugar 1kg,Unit,106,2.74,BATCH-45838,,INV-325343,
Eastgate Shopping Center,Regional Supply Chain,2025-12-22,White Sugar 1kg,Unit,81,2.46,BATCH-25867,,INV-831236,Quality checked and approved
Eastgate Shopping Center,Regional Supply Chain,2025-12-02,White Sugar 1kg,Unit,124,2.31,BATCH-71952,,INV-397216,Quality checked and approved
Northpoint Outlet,Premium Grocers Supply,2026-02-01,White Sugar 1kg,Unit,117,2.38,BATCH-90163,,INV-649123,Promotional stock
Downtown Main Store,FreshFarm Wholesale Co.,2025-11-27,Olive Oil Extra Virgin 1L,Unit,56,8.69,BATCH-72217,,INV-932040,
South Bay Store,Eco-Friendly Suppliers,2025-11-28,Olive Oil Extra Virgin 1L,Unit,36,8.34,BATCH-82024,,INV-739120,
Eastgate Shopping Center,Express Distribution Co.,2025-12-29,Olive Oil Extra Virgin 1L,Unit,21,9.27,BATCH-12460,,INV-912634,
Eastgate Shopping Center,Prime Importers,2025-11-14,Olive Oil Extra Virgin 1L,Unit,45,8.52,BATCH-11976,,INV-102904,Quality checked and approved
Eastgate Shopping Center,Regional Supply Chain,2025-12-20,Olive Oil Extra Virgin 1L,Unit,23,8.44,BATCH-97952,,INV-690494,
Northpoint Outlet,FreshFarm Wholesale Co.,2025-11-19,Olive Oil Extra Virgin 1L,Unit,32,8.64,BATCH-93269,,INV-656160,
Northpoint Outlet,Global Food Distributors,2025-12-09,Olive Oil Extra Virgin 1L,Unit,36,8.87,BATCH-15048,,INV-617497,Promotional stock
Northpoint Outlet,Eco-Friendly Suppliers,2025-11-07,Olive Oil Extra Virgin 1L,Unit,22,9.62,BATCH-91772,,INV-372153,
South Bay Store,Mega Suppliers Inc.,2025-11-22,Tomato Sauce 400g,Unit,72,1.53,BATCH-86576,,INV-779749,Rush delivery
Eastgate Shopping Center,Premium Grocers Supply,2025-12-21,Tomato Sauce 400g,Unit,112,1.46,BATCH-25507,,INV-809177,Rush delivery
Downtown Main Store,Premium Grocers Supply,2025-12-17,Tomato Sauce 400g,Unit,154,1.37,BATCH-13977,,INV-879266,Promotional stock
Downtown Main Store,Bulk Foods Warehouse,2025-12-27,Tomato Sauce 400g,Unit,158,1.56,BATCH-69780,,INV-834138,Quality checked and approved
Westside Mall Branch,Global Food Distributors,2025-11-30,Tomato Sauce 400g,Unit,133,1.43,BATCH-17843,,INV-277871,
Westside Mall Branch,Global Food Distributors,2026-01-02,Tomato Sauce 400g,Unit,63,1.37,BATCH-71752,,INV-817258,Promotional stock
Northpoint Outlet,Regional Supply Chain,2026-01-05,Tomato Sauce 400g,Unit,118,1.23,BATCH-85224,,INV-726155,Seasonal inventory
South Bay Store,Mega Suppliers Inc.,2025-12-16,Black Beans Can 400g,Unit,93,1.27,BATCH-86665,,INV-404576,Quality checked and approved
Eastgate Shopping Center,Quality Foods Ltd.,2025-12-22,Black Beans Can 400g,Unit,135,1.39,BATCH-43429,,INV-794672,
Northpoint Outlet,FreshFarm Wholesale Co.,2025-11-23,Black Beans Can 400g,Unit,91,1.39,BATCH-95245,,INV-528220,Promotional stock
Downtown Main Store,Eco-Friendly Suppliers,2025-11-15,Black Beans Can 400g,Unit,70,1.13,BATCH-59366,,INV-836237,
Downtown Main Store,Bulk Foods Warehouse,2025-11-06,Black Beans Can 400g,Unit,49,1.08,BATCH-20767,,INV-879585,Quality checked and approved
Westside Mall Branch,Eco-Friendly Suppliers,2025-12-09,Black Beans Can 400g,Unit,107,1.41,BATCH-84919,,INV-630713,
Westside Mall Branch,Mega Suppliers Inc.,2025-11-09,Black Beans Can 400g,Unit,136,1.23,BATCH-43343,,INV-854941,Quality checked and approved
Downtown Main Store,FreshFarm Wholesale Co.,2025-11-22,Tuna in Water Can,Unit,83,1.69,BATCH-35146,,INV-960086,
Downtown Main Store,Bulk Foods Warehouse,2026-02-01,Tuna in Water Can,Unit,130,1.74,BATCH-20378,,INV-779644,Seasonal inventory
Downtown Main Store,Premium Grocers Supply,2025-11-07,Tuna in Water Can,Unit,109,1.56,BATCH-64922,,INV-715662,
Westside Mall Branch,Mega Suppliers Inc.,2026-01-20,Tuna in Water Can,Unit,87,1.79,BATCH-45669,,INV-328899,Rush delivery
Westside Mall Branch,Express Distribution Co.,2025-12-04,Tuna in Water Can,Unit,88,1.51,BATCH-90298,,INV-728170,Rush delivery
Eastgate Shopping Center,Express Distribution Co.,2025-12-06,Tuna in Water Can,Unit,56,1.72,BATCH-68906,,INV-938208,Seasonal inventory
Eastgate Shopping Center,FreshFarm Wholesale Co.,2026-01-15,Tuna in Water Can,Unit,59,1.69,BATCH-20410,,INV-357730,Rush delivery
Eastgate Shopping Center,Eco-Friendly Suppliers,2025-12-16,Tuna in Water Can,Unit,103,1.92,BATCH-91679,,INV-229220,Promotional stock
South Bay Store,Eco-Friendly Suppliers,2026-01-14,Tuna in Water Can,Unit,147,1.93,BATCH-50971,,INV-161534,Promotional stock
South Bay Store,Eco-Friendly Suppliers,2026-02-01,Tuna in Water Can,Unit,101,1.68,BATCH-45189,,INV-982063,
South Bay Store,Global Food Distributors,2026-01-22,Peanut Butter Creamy 500g,Unit,49,4.45,BATCH-19187,,INV-442341,Seasonal inventory
South Bay Store,Eco-Friendly Suppliers,2025-11-16,Peanut Butter Creamy 500g,Unit,27,4.42,BATCH-85452,,INV-115414,Seasonal inventory
Northpoint Outlet,Premium Grocers Supply,2025-11-30,Peanut Butter Creamy 500g,Unit,57,4.47,BATCH-48016,,INV-734080,Rush delivery
Northpoint Outlet,Regional Supply Chain,2026-01-25,Peanut Butter Creamy 500g,Unit,34,4.53,BATCH-38310,,INV-492011,Quality checked and approved
Eastgate Shopping Center,Eco-Friendly Suppliers,2026-01-07,Peanut Butter Creamy 500g,Unit,50,5.54,BATCH-16955,,INV-905146,Rush delivery
Westside Mall Branch,Quality Foods Ltd.,2026-01-29,Peanut Butter Creamy 500g,Unit,59,5.32,BATCH-74576,,INV-583534,Rush delivery
South Bay Store,Express Distribution Co.,2025-11-30,Strawberry Jam 340g,Unit,71,3.39,BATCH-26926,,INV-844837,Promotional stock
South Bay Store,Express Distribution Co.,2025-12-17,Strawberry Jam 340g,Unit,40,3.52,BATCH-14354,,INV-727266,
Westside Mall Branch,Eco-Friendly Suppliers,2025-11-05,Strawberry Jam 340g,Unit,32,3.49,BATCH-86828,,INV-967262,
Westside Mall Branch,Bulk Foods Warehouse,2025-11-28,Strawberry Jam 340g,Unit,40,3.62,BATCH-99372,,INV-485457,
Westside Mall Branch,FreshFarm Wholesale Co.,2026-01-20,Strawberry Jam 340g,Unit,88,3.03,BATCH-26022,,INV-978607,Quality checked and approved
Eastgate Shopping Center,Premium Grocers Supply,2025-12-28,Strawberry Jam 340g,Unit,68,3.81,BATCH-32695,,INV-926591,Seasonal inventory
Northpoint Outlet,FreshFarm Wholesale Co.,2026-01-31,Strawberry Jam 340g,Unit,33,3.08,BATCH-24898,,INV-951932,Seasonal inventory
Downtown Main Store,Prime Importers,2026-02-02,Honey Pure 500g,Unit,43,6.69,BATCH-10574,,INV-678010,Quality checked and approved
Downtown Main Store,Eco-Friendly Suppliers,2026-01-10,Honey Pure 500g,Unit,28,6.7,BATCH-88357,,INV-962610,Promotional stock
Downtown Main Store,Premium Grocers Supply,2025-12-27,Honey Pure 500g,Unit,47,7.23,BATCH-50185,,INV-335345,
Northpoint Outlet,Mega Suppliers Inc.,2025-11-12,Honey Pure 500g,Unit,28,7.3,BATCH-49156,,INV-899287,Promotional stock
Eastgate Shopping Center,Express Distribution Co.,2025-11-20,Honey Pure 500g,Unit,47,7.57,BATCH-57938,,INV-494503,Rush delivery
Eastgate Shopping Center,Global Food Distributors,2026-01-26,Honey Pure 500g,Unit,29,6.25,BATCH-26872,,INV-537359,
South Bay Store,Bulk Foods Warehouse,2025-12-30,Honey Pure 500g,Unit,70,6.52,BATCH-51165,,INV-828434,
South Bay Store,Express Distribution Co.,2026-01-13,Honey Pure 500g,Unit,65,6.38,BATCH-19782,,INV-410049,
South Bay Store,Eco-Friendly Suppliers,2025-11-21,Honey Pure 500g,Unit,51,6.79,BATCH-13477,,INV-354892,Quality checked and approved
Westside Mall Branch,Mega Suppliers Inc.,2026-01-10,Honey Pure 500g,Unit,59,6.16,BATCH-43580,,INV-110454,Promotional stock
Westside Mall Branch,Regional Supply Chain,2025-11-18,Honey Pure 500g,Unit,28,6.83,BATCH-76398,,INV-224528,
Westside Mall Branch,Quality Foods Ltd.,2025-12-21,Honey Pure 500g,Unit,45,6.5,BATCH-26261,,INV-263358,
Downtown Main Store,FreshFarm Wholesale Co.,2026-01-21,Corn Flakes 500g,Unit,77,3.32,BATCH-33571,,INV-479302,Seasonal inventory
Downtown Main Store,Premium Grocers Supply,2026-01-22,Corn Flakes 500g,Unit,65,3.48,BATCH-87652,,INV-978170,Seasonal inventory
Eastgate Shopping Center,Express Distribution Co.,2025-12-07,Corn Flakes 500g,Unit,55,4.22,BATCH-91781,,INV-836196,
Eastgate Shopping Center,Mega Suppliers Inc.,2025-12-12,Corn Flakes 500g,Unit,79,3.89,BATCH-81313,,INV-586996,
Westside Mall Branch,Bulk Foods Warehouse,2026-01-19,Corn Flakes 500g,Unit,115,3.54,BATCH-98365,,INV-889859,Seasonal inventory
Westside Mall Branch,Eco-Friendly Suppliers,2025-12-02,Corn Flakes 500g,Unit,41,3.79,BATCH-80471,,INV-621349,Promotional stock
Northpoint Outlet,FreshFarm Wholesale Co.,2026-01-27,Corn Flakes 500g,Unit,38,3.61,BATCH-30995,,INV-207244,Promotional stock
Northpoint Outlet,Express Distribution Co.,2025-12-24,Corn Flakes 500g,Unit,55,3.31,BATCH-62168,,INV-993555,
Northpoint Outlet,FreshFarm Wholesale Co.,2025-12-30,Corn Flakes 500g,Unit,92,3.87,BATCH-10240,,INV-597302,Promotional stock
Downtown Main Store,Regional Supply Chain,2025-12-21,Granola Mix 400g,Unit,32,5.69,BATCH-27033,,INV-546222,
Downtown Main Store,Bulk Foods Warehouse,2026-01-25,Granola Mix 400g,Unit,72,5.72,BATCH-48730,,INV-124415,Quality checked and approved
Eastgate Shopping Center,Mega Suppliers Inc.,2026-01-30,Granola Mix 400g,Unit,41,5.09,BATCH-18403,,INV-111789,
Eastgate Shopping Center,Premium Grocers Supply,2026-01-21,Granola Mix 400g,Unit,50,5.95,BATCH-91531,,INV-328646,
Eastgate Shopping Center,Premium Grocers Supply,2025-12-12,Granola Mix 400g,Unit,59,4.88,BATCH-17075,,INV-387834,
Northpoint Outlet,Bulk Foods Warehouse,2026-01-02,Granola Mix 400g,Unit,66,4.94,BATCH-52401,,INV-353860,Quality checked and approved
Downtown Main Store,Mega Suppliers Inc.,2025-11-17,Oatmeal Quick 1kg,Unit,87,3.91,BATCH-45216,,INV-230124,
Downtown Main Store,FreshFarm Wholesale Co.,2026-01-18,Oatmeal Quick 1kg,Unit,47,3.91,BATCH-66669,,INV-543054,
South Bay Store,Regional Supply Chain,2025-11-28,Oatmeal Quick 1kg,Unit,76,5.04,BATCH-23244,,INV-685676,Rush delivery
Westside Mall Branch,Mega Suppliers Inc.,2026-01-09,Oatmeal Quick 1kg,Unit,46,4.43,BATCH-71777,,INV-532110,Promotional stock
Westside Mall Branch,Global Food Distributors,2026-01-17,Oatmeal Quick 1kg,Unit,93,4.72,BATCH-11645,,INV-327999,Rush delivery
Eastgate Shopping Center,Mega Suppliers Inc.,2025-12-31,Pancake Mix 1kg,Unit,67,3.65,BATCH-19950,,INV-378009,Rush delivery
Downtown Main Store,Prime Importers,2025-12-19,Pancake Mix 1kg,Unit,29,4.23,BATCH-41065,,INV-573553,Seasonal inventory
Downtown Main Store,Bulk Foods Warehouse,2025-12-19,Pancake Mix 1kg,Unit,35,4.11,BATCH-68083,,INV-720142,Quality checked and approved
Northpoint Outlet,Premium Grocers Supply,2025-11-11,Pancake Mix 1kg,Unit,68,3.82,BATCH-41230,,INV-165589,Rush delivery
Northpoint Outlet,Mega Suppliers Inc.,2026-01-28,Pancake Mix 1kg,Unit,43,4.44,BATCH-88092,,INV-468362,Promotional stock
Northpoint Outlet,Global Food Distributors,2026-01-16,Pancake Mix 1kg,Unit,51,4.14,BATCH-36516,,INV-736023,
Westside Mall Branch,Global Food Distributors,2025-11-17,Pancake Mix 1kg,Unit,39,4.12,BATCH-40381,,INV-548311,
Westside Mall Branch,Regional Supply Chain,2025-12-10,Pancake Mix 1kg,Unit,70,4.55,BATCH-51803,,INV-409241,
South Bay Store,Regional Supply Chain,2025-11-06,Pancake Mix 1kg,Unit,43,4.66,BATCH-35908,,INV-277851,
South Bay Store,Eco-Friendly Suppliers,2025-12-25,Pancake Mix 1kg,Unit,40,4.67,BATCH-29898,,INV-753368,Promotional stock
Downtown Main Store,FreshFarm Wholesale Co.,2025-12-28,Maple Syrup 250ml,Unit,38,6.07,BATCH-78892,,INV-506115,Quality checked and approved
Downtown Main Store,Prime Importers,2026-01-07,Maple Syrup 250ml,Unit,25,7.02,BATCH-67802,,INV-518519,Promotional stock
South Bay Store,Mega Suppliers Inc.,2026-01-07,Maple Syrup 250ml,Unit,31,6.06,BATCH-80247,,INV-115000,
Northpoint Outlet,Regional Supply Chain,2025-12-07,Maple Syrup 250ml,Unit,28,5.81,BATCH-10840,,INV-624274,Quality checked and approved
Northpoint Outlet,Express Distribution Co.,2025-11-18,Maple Syrup 250ml,Unit,34,6.47,BATCH-18048,,INV-583306,
South Bay Store,Premium Grocers Supply,2025-11-21,Potato Chips BBQ 200g,Unit,167,2.53,BATCH-49328,,INV-972981,Seasonal inventory
South Bay Store,Express Distribution Co.,2026-01-27,Potato Chips BBQ 200g,Unit,96,2.96,BATCH-72948,,INV-545337,Promotional stock
South Bay Store,Regional Supply Chain,2026-02-01,Potato Chips BBQ 200g,Unit,111,2.58,BATCH-56860,,INV-281206,
Downtown Main Store,Eco-Friendly Suppliers,2026-01-19,Potato Chips BBQ 200g,Unit,51,2.55,BATCH-68337,,INV-748339,Seasonal inventory
Downtown Main Store,Quality Foods Ltd.,2025-11-16,Potato Chips BBQ 200g,Unit,101,2.59,BATCH-16579,,INV-903977,
Downtown Main Store,Quality Foods Ltd.,2025-11-21,Potato Chips BBQ 200g,Unit,72,2.64,BATCH-76726,,INV-458349,Seasonal inventory
Eastgate Shopping Center,Mega Suppliers Inc.,2025-12-13,Potato Chips BBQ 200g,Unit,99,2.7,BATCH-10506,,INV-386112,Seasonal inventory
Downtown Main Store,Express Distribution Co.,2026-01-04,Tortilla Chips 300g,Unit,87,3.3,BATCH-72531,,INV-382263,Quality checked and approved
Downtown Main Store,Eco-Friendly Suppliers,2025-11-21,Tortilla Chips 300g,Unit,126,3.51,BATCH-35703,,INV-227281,
Northpoint Outlet,Express Distribution Co.,2025-12-24,Tortilla Chips 300g,Unit,125,3.25,BATCH-31891,,INV-868932,Seasonal inventory
Northpoint Outlet,Prime Importers,2025-12-29,Tortilla Chips 300g,Unit,59,3.44,BATCH-97941,,INV-976912,
Eastgate Shopping Center,Bulk Foods Warehouse,2025-11-21,Tortilla Chips 300g,Unit,53,3.32,BATCH-90643,,INV-123228,
Eastgate Shopping Center,Bulk Foods Warehouse,2025-11-08,Tortilla Chips 300g,Unit,48,3.37,BATCH-27207,,INV-144280,
Westside Mall Branch,FreshFarm Wholesale Co.,2026-01-26,Tortilla Chips 300g,Unit,103,3.51,BATCH-56403,,INV-369301,Quality checked and approved
Westside Mall Branch,Quality Foods Ltd.,2026-01-17,Tortilla Chips 300g,Unit,121,3.48,BATCH-71296,,INV-941675,
Northpoint Outlet,Quality Foods Ltd.,2025-11-19,Mixed Nuts 250g,Unit,46,5.95,BATCH-62279,,INV-588018,Seasonal inventory
Downtown Main Store,Express Distribution Co.,2025-11-24,Mixed Nuts 250g,Unit,38,6.53,BATCH-94548,,INV-952604,
Downtown Main Store,Eco-Friendly Suppliers,2026-01-23,Mixed Nuts 250g,Unit,61,5.41,BATCH-37344,,INV-295737,
Downtown Main Store,Premium Grocers Supply,2025-12-26,Mixed Nuts 250g,Unit,37,5.92,BATCH-28847,,INV-476659,Seasonal inventory
South Bay Store,Quality Foods Ltd.,2025-12-09,Mixed Nuts 250g,Unit,46,6.54,BATCH-23990,,INV-330003,Seasonal inventory
Eastgate Shopping Center,Mega Suppliers Inc.,2026-01-01,Mixed Nuts 250g,Unit,68,6.29,BATCH-20504,,INV-314360,
Eastgate Shopping Center,Mega Suppliers Inc.,2026-01-09,Mixed Nuts 250g,Unit,38,7.15,BATCH-72811,,INV-692864,
Eastgate Shopping Center,Quality Foods Ltd.,2025-11-27,Mixed Nuts 250g,Unit,58,5.82,BATCH-22673,,INV-769516,
Westside Mall Branch,Mega Suppliers Inc.,2025-12-04,Mixed Nuts 250g,Unit,58,5.84,BATCH-80637,,INV-816949,
Westside Mall Branch,Bulk Foods Warehouse,2026-01-07,Mixed Nuts 250g,Unit,54,6.42,BATCH-46861,,INV-339851,Quality checked and approved
Westside Mall Branch,Premium Grocers Supply,2025-12-09,Mixed Nuts 250g,Unit,52,6.19,BATCH-45292,,INV-154534,Seasonal inventory
Downtown Main Store,Global Food Distributors,2025-11-19,Chocolate Bar Dark 100g,Unit,111,2.01,BATCH-79864,,INV-187235,Seasonal inventory
Downtown Main Store,FreshFarm Wholesale Co.,2025-12-23,Chocolate Bar Dark 100g,Unit,136,1.84,BATCH-34555,,INV-891811,
Eastgate Shopping Center,Express Distribution Co.,2025-11-08,Chocolate Bar Dark 100g,Unit,194,1.83,BATCH-84708,,INV-208606,Rush delivery
South Bay Store,Premium Grocers Supply,2025-12-04,Chocolate Bar Dark 100g,Unit,157,1.93,BATCH-35696,,INV-463313,
Northpoint Outlet,Premium Grocers Supply,2026-01-24,Gummy Bears 200g,Unit,139,2.58,BATCH-40718,,INV-634018,Seasonal inventory
Northpoint Outlet,FreshFarm Wholesale Co.,2025-11-28,Gummy Bears 200g,Unit,56,2.75,BATCH-40319,,INV-800969,Promotional stock
South Bay Store,Regional Supply Chain,2026-01-27,Gummy Bears 200g,Unit,83,2.75,BATCH-74968,,INV-837596,
South Bay Store,Bulk Foods Warehouse,2025-12-02,Gummy Bears 200g,Unit,141,2.7,BATCH-16288,,INV-925386,Seasonal inventory
Eastgate Shopping Center,Mega Suppliers Inc.,2026-01-16,Gummy Bears 200g,Unit,104,2.59,BATCH-29098,,INV-522646,
Eastgate Shopping Center,Express Distribution Co.,2025-12-14,Gummy Bears 200g,Unit,46,2.46,BATCH-57457,,INV-638445,Promotional stock
Downtown Main Store,FreshFarm Wholesale Co.,2025-11-10,Gummy Bears 200g,Unit,90,2.21,BATCH-84639,,INV-848915,
Downtown Main Store,Global Food Distributors,2025-11-22,Gummy Bears 200g,Unit,99,2.37,BATCH-88026,,INV-919477,
Downtown Main Store,FreshFarm Wholesale Co.,2026-01-31,Gummy Bears 200g,Unit,119,2.25,BATCH-77117,,INV-453813,Seasonal inventory
Downtown Main Store,Bulk Foods Warehouse,2026-02-01,Popcorn Kernels 500g,Unit,42,3.03,BATCH-97717,,INV-895509,Promotional stock
Downtown Main Store,Regional Supply Chain,2025-12-26,Popcorn Kernels 500g,Unit,66,3.73,BATCH-78230,,INV-993757,Quality checked and approved
Westside Mall Branch,Global Food Distributors,2025-11-22,Popcorn Kernels 500g,Unit,92,3.73,BATCH-24298,,INV-269951,Rush delivery
Westside Mall Branch,Bulk Foods Warehouse,2026-01-28,Popcorn Kernels 500g,Unit,74,3.9,BATCH-39709,,INV-672100,Seasonal inventory
Northpoint Outlet,Mega Suppliers Inc.,2026-01-05,Popcorn Kernels 500g,Unit,39,3.5,BATCH-68623,,INV-479859,Seasonal inventory
Northpoint Outlet,Premium Grocers Supply,2025-11-15,Popcorn Kernels 500g,Unit,58,3.82,BATCH-70708,,INV-728102,
South Bay Store,Prime Importers,2026-01-24,Popcorn Kernels 500g,Unit,104,3.53,BATCH-28318,,INV-791841,
South Bay Store,Regional Supply Chain,2026-01-09,Popcorn Kernels 500g,Unit,85,3.47,BATCH-87552,,INV-127920,Promotional stock
South Bay Store,Global Food Distributors,2025-11-21,Protein Bar Chocolate 60g,Unit,139,1.78,BATCH-71360,,INV-812772,
Northpoint Outlet,Prime Importers,2026-01-01,Protein Bar Chocolate 60g,Unit,84,1.8,BATCH-54100,,INV-290170,Seasonal inventory
Northpoint Outlet,Regional Supply Chain,2025-12-01,Protein Bar Chocolate 60g,Unit,76,1.56,BATCH-91777,,INV-231639,
Eastgate Shopping Center,Quality Foods Ltd.,2026-01-05,Protein Bar Chocolate 60g,Unit,124,1.73,BATCH-56942,,INV-274386,
Eastgate Shopping Center,Regional Supply Chain,2026-01-20,Protein Bar Chocolate 60g,Unit,135,1.77,BATCH-20475,,INV-150924,
Downtown Main Store,Prime Importers,2025-11-14,Salsa Mild 500g,Unit,59,3.38,BATCH-18843,,INV-228568,Seasonal inventory
Downtown Main Store,Express Distribution Co.,2026-01-07,Salsa Mild 500g,Unit,48,3.41,BATCH-62083,,INV-617713,Seasonal inventory
Northpoint Outlet,Global Food Distributors,2025-11-25,Salsa Mild 500g,Unit,26,3.6,BATCH-85432,,INV-907860,
Westside Mall Branch,Express Distribution Co.,2025-11-15,Salsa Mild 500g,Unit,81,3.28,BATCH-95615,,INV-819321,
Westside Mall Branch,Express Distribution Co.,2025-11-09,Salsa Mild 500g,Unit,54,3.8,BATCH-13807,,INV-953763,
South Bay Store,FreshFarm Wholesale Co.,2026-01-26,Salsa Mild 500g,Unit,58,3.47,BATCH-93295,,INV-301664,
Westside Mall Branch,Prime Importers,2025-12-14,Ketchup 500ml,Unit,73,2.27,BATCH-43865,,INV-818014,Rush delivery
Westside Mall Branch,Mega Suppliers Inc.,2025-12-18,Ketchup 500ml,Unit,54,2.53,BATCH-21070,,INV-350792,
Westside Mall Branch,Prime Importers,2026-01-15,Ketchup 500ml,Unit,73,2.72,BATCH-60566,,INV-654229,
Northpoint Outlet,Global Food Distributors,2026-01-22,Ketchup 500ml,Unit,125,2.74,BATCH-50297,,INV-182139,Rush delivery
Northpoint Outlet,Bulk Foods Warehouse,2025-11-06,Ketchup 500ml,Unit,96,2.1,BATCH-37337,,INV-667481,
Northpoint Outlet,Premium Grocers Supply,2025-11-15,Ketchup 500ml,Unit,125,2.11,BATCH-91737,,INV-696918,
Downtown Main Store,Mega Suppliers Inc.,2026-01-11,Ketchup 500ml,Unit,115,2.35,BATCH-13833,,INV-372618,
Downtown Main Store,Eco-Friendly Suppliers,2026-01-27,Ketchup 500ml,Unit,66,2.47,BATCH-23267,,INV-845239,Quality checked and approved
Downtown Main Store,Mega Suppliers Inc.,2026-01-21,Ketchup 500ml,Unit,64,2.18,BATCH-59714,,INV-507095,
Downtown Main Store,Premium Grocers Supply,2025-12-19,Mustard Yellow 350g,Unit,79,1.8,BATCH-14522,,INV-557088,
South Bay Store,Regional Supply Chain,2026-01-24,Mustard Yellow 350g,Unit,80,2.05,BATCH-83772,,INV-818068,
South Bay Store,FreshFarm Wholesale Co.,2026-01-18,Mustard Yellow 350g,Unit,40,1.85,BATCH-61527,,INV-170786,Promotional stock
South Bay Store,Regional Supply Chain,2026-01-10,Mustard Yellow 350g,Unit,49,2.38,BATCH-30407,,INV-769624,
Westside Mall Branch,Global Food Distributors,2026-01-21,Mustard Yellow 350g,Unit,65,2.01,BATCH-61413,,INV-748205,
Westside Mall Branch,Bulk Foods Warehouse,2026-01-09,Mustard Yellow 350g,Unit,96,2.15,BATCH-32329,,INV-168194,Quality checked and approved
Eastgate Shopping Center,Prime Importers,2026-01-02,Mustard Yellow 350g,Unit,54,2.17,BATCH-93519,,INV-120544,
Eastgate Shopping Center,Prime Importers,2025-11-07,Mustard Yellow 350g,Unit,79,1.93,BATCH-71556,,INV-134947,Quality checked and approved
Northpoint Outlet,Bulk Foods Warehouse,2025-11-23,Mustard Yellow 350g,Unit,62,1.84,BATCH-80326,,INV-186260,
South Bay Store,Global Food Distributors,2025-12-13,Mayonnaise 500ml,Unit,49,3.21,BATCH-61815,,INV-632173,Seasonal inventory
South Bay Store,FreshFarm Wholesale Co.,2026-01-12,Mayonnaise 500ml,Unit,34,3.27,BATCH-90104,,INV-310633,
Northpoint Outlet,Quality Foods Ltd.,2026-02-02,Mayonnaise 500ml,Unit,98,3.38,BATCH-58173,,INV-505534,
Northpoint Outlet,Mega Suppliers Inc.,2025-11-07,Mayonnaise 500ml,Unit,58,2.72,BATCH-41865,,INV-427670,Quality checked and approved
Northpoint Outlet,Regional Supply Chain,2026-01-11,Mayonnaise 500ml,Unit,74,3.12,BATCH-70506,,INV-708242,
Eastgate Shopping Center,Global Food Distributors,2025-11-30,Mayonnaise 500ml,Unit,99,3.57,BATCH-58743,,INV-317889,Promotional stock
Downtown Main Store,Global Food Distributors,2025-12-04,Soy Sauce 500ml,Unit,83,2.61,BATCH-54279,,INV-628413,
Downtown Main Store,Global Food Distributors,2025-11-26,Soy Sauce 500ml,Unit,27,2.7,BATCH-21787,,INV-366984,
Downtown Main Store,Eco-Friendly Suppliers,2025-11-17,Soy Sauce 500ml,Unit,43,2.58,BATCH-39406,,INV-249385,Seasonal inventory
Eastgate Shopping Center,Mega Suppliers Inc.,2026-01-06,Soy Sauce 500ml,Unit,27,2.7,BATCH-48500,,INV-487824,
Eastgate Shopping Center,Regional Supply Chain,2025-12-29,Soy Sauce 500ml,Unit,49,3.03,BATCH-89038,,INV-921080,Rush delivery
Eastgate Shopping Center,Regional Supply Chain,2025-11-05,Soy Sauce 500ml,Unit,54,2.74,BATCH-76054,,INV-949711,
South Bay Store,Quality Foods Ltd.,2026-01-12,Soy Sauce 500ml,Unit,30,2.79,BATCH-15215,,INV-936464,Promotional stock
South Bay Store,Mega Suppliers Inc.,2026-01-12,Soy Sauce 500ml,Unit,36,2.59,BATCH-98427,,INV-966762,
South Bay Store,Prime Importers,2025-11-11,Soy Sauce 500ml,Unit,58,2.92,BATCH-77492,,INV-584455,Rush delivery
Westside Mall Branch,Bulk Foods Warehouse,2025-11-23,Soy Sauce 500ml,Unit,56,2.49,BATCH-12037,,INV-362870,Rush delivery
Westside Mall Branch,Quality Foods Ltd.,2025-11-09,Soy Sauce 500ml,Unit,59,2.47,BATCH-25859,,INV-908952,
Westside Mall Branch,Premium Grocers Supply,2026-01-07,Soy Sauce 500ml,Unit,73,2.75,BATCH-68873,,INV-858885,
Eastgate Shopping Center,Regional Supply Chain,2026-01-23,Hot Sauce 150ml,Unit,46,3.99,BATCH-15064,,INV-610093,Rush delivery
Eastgate Shopping Center,Eco-Friendly Suppliers,2025-12-17,Hot Sauce 150ml,Unit,43,4.13,BATCH-75084,,INV-180531,
Eastgate Shopping Center,Mega Suppliers Inc.,2026-01-11,Hot Sauce 150ml,Unit,30,3.96,BATCH-58573,,INV-942347,
Westside Mall Branch,Express Distribution Co.,2025-12-31,Hot Sauce 150ml,Unit,31,4.23,BATCH-13027,,INV-827442,Rush delivery
Westside Mall Branch,Mega Suppliers Inc.,2025-12-15,Hot Sauce 150ml,Unit,26,4.24,BATCH-48124,,INV-431250,
Northpoint Outlet,Regional Supply Chain,2025-12-09,Hot Sauce 150ml,Unit,38,3.4,BATCH-95611,,INV-433139,Promotional stock
Northpoint Outlet,Regional Supply Chain,2025-12-03,Hot Sauce 150ml,Unit,70,3.68,BATCH-98740,,INV-613907,Quality checked and approved
South Bay Store,Express Distribution Co.,2025-11-28,Ice Cream Vanilla 1L,Unit,61,5.23,BATCH-29678,,INV-364853,Quality checked and approved
South Bay Store,Eco-Friendly Suppliers,2025-12-02,Ice Cream Vanilla 1L,Unit,90,4.84,BATCH-60872,,INV-120777,Rush delivery
Eastgate Shopping Center,Quality Foods Ltd.,2026-01-15,Ice Cream Vanilla 1L,Unit,66,4.83,BATCH-91945,,INV-640227,
Eastgate Shopping Center,Global Food Distributors,2025-11-15,Ice Cream Vanilla 1L,Unit,52,6.32,BATCH-48463,,INV-540555,
Westside Mall Branch,Quality Foods Ltd.,2025-12-20,Ice Cream Vanilla 1L,Unit,100,5.44,BATCH-77830,,INV-165975,
Westside Mall Branch,Quality Foods Ltd.,2025-11-11,Ice Cream Vanilla 1L,Unit,65,5.15,BATCH-82366,,INV-751597,Promotional stock
Westside Mall Branch,Regional Supply Chain,2026-01-11,Ice Cream Vanilla 1L,Unit,61,5.61,BATCH-76981,,INV-667930,
Eastgate Shopping Center,Regional Supply Chain,2025-12-14,Ice Cream Chocolate 1L,Unit,46,5.96,BATCH-91503,,INV-465560,Quality checked and approved
Westside Mall Branch,Premium Grocers Supply,2025-12-07,Ice Cream Chocolate 1L,Unit,84,5.97,BATCH-59599,,INV-191996,Seasonal inventory
Westside Mall Branch,Express Distribution Co.,2025-12-31,Ice Cream Chocolate 1L,Unit,76,5.07,BATCH-97931,,INV-577315,
Westside Mall Branch,Mega Suppliers Inc.,2026-02-01,Ice Cream Chocolate 1L,Unit,52,6.03,BATCH-71168,,INV-743426,Seasonal inventory
Downtown Main Store,Regional Supply Chain,2026-01-02,Ice Cream Chocolate 1L,Unit,71,5.26,BATCH-78820,,INV-341747,
Downtown Main Store,Mega Suppliers Inc.,2026-01-06,Ice Cream Chocolate 1L,Unit,96,5.07,BATCH-77207,,INV-156870,
Eastgate Shopping Center,Mega Suppliers Inc.,2025-12-21,Frozen Pizza Margherita,Unit,63,6.01,BATCH-19170,,INV-121410,Seasonal inventory
Westside Mall Branch,Mega Suppliers Inc.,2026-01-14,Frozen Pizza Margherita,Unit,35,6.56,BATCH-61971,,INV-655113,Seasonal inventory
Westside Mall Branch,FreshFarm Wholesale Co.,2025-12-15,Frozen Pizza Margherita,Unit,73,6.33,BATCH-34619,,INV-974962,Seasonal inventory
Westside Mall Branch,Quality Foods Ltd.,2026-01-08,Frozen Pizza Margherita,Unit,32,6.67,BATCH-75788,,INV-394399,Rush delivery
South Bay Store,Global Food Distributors,2025-12-16,Frozen Pizza Margherita,Unit,34,5.54,BATCH-67764,,INV-472444,Rush delivery
Downtown Main Store,Eco-Friendly Suppliers,2025-12-17,Frozen Pizza Margherita,Unit,73,6.87,BATCH-92210,,INV-361799,
Downtown Main Store,FreshFarm Wholesale Co.,2026-01-07,Frozen Pizza Margherita,Unit,83,6.79,BATCH-70294,,INV-619893,
Northpoint Outlet,Quality Foods Ltd.,2025-12-28,Frozen Pizza Margherita,Unit,65,5.97,BATCH-46009,,INV-138336,Seasonal inventory
Northpoint Outlet,Regional Supply Chain,2025-11-21,Frozen Vegetables Mix 1kg,Unit,64,4.37,BATCH-57004,,INV-701085,Seasonal inventory
Northpoint Outlet,Mega Suppliers Inc.,2025-11-11,Frozen Vegetables Mix 1kg,Unit,115,4.11,BATCH-97101,,INV-357548,Seasonal inventory
South Bay Store,Premium Grocers Supply,2025-12-28,Frozen Vegetables Mix 1kg,Unit,68,3.88,BATCH-73148,,INV-466577,
South Bay Store,Eco-Friendly Suppliers,2025-11-28,Frozen Vegetables Mix 1kg,Unit,117,4.26,BATCH-41497,,INV-581381,Promotional stock
South Bay Store,Prime Importers,2025-12-25,Frozen Vegetables Mix 1kg,Unit,70,4.4,BATCH-21879,,INV-457413,Seasonal inventory
Downtown Main Store,Premium Grocers Supply,2025-11-17,Frozen Vegetables Mix 1kg,Unit,103,4.29,BATCH-31898,,INV-478725,Promotional stock
Eastgate Shopping Center,Quality Foods Ltd.,2026-01-27,Frozen Vegetables Mix 1kg,Unit,51,3.69,BATCH-17906,,INV-551533,
Eastgate Shopping Center,Global Food Distributors,2025-12-06,Frozen Vegetables Mix 1kg,Unit,84,4.67,BATCH-15517,,INV-140084,Quality checked and approved
Westside Mall Branch,Mega Suppliers Inc.,2025-11-13,Frozen Vegetables Mix 1kg,Unit,110,4.28,BATCH-73275,,INV-547388,
Westside Mall Branch,Regional Supply Chain,2026-01-12,Frozen Vegetables Mix 1kg,Unit,57,4.62,BATCH-86953,,INV-565971,Promotional stock
South Bay Store,Express Distribution Co.,2026-01-20,Frozen French Fries 1kg,Unit,137,3.26,BATCH-81885,,INV-477229,Seasonal inventory
South Bay Store,Regional Supply Chain,2025-12-02,Frozen French Fries 1kg,Unit,127,3.77,BATCH-24146,,INV-906792,
Downtown Main Store,Quality Foods Ltd.,2026-01-04,Frozen French Fries 1kg,Unit,40,3.34,BATCH-96329,,INV-114805,
Downtown Main Store,Mega Suppliers Inc.,2026-01-11,Frozen French Fries 1kg,Unit,78,3.01,BATCH-31684,,INV-671025,Promotional stock
Downtown Main Store,Quality Foods Ltd.,2026-01-19,Frozen French Fries 1kg,Unit,49,3.72,BATCH-30838,,INV-520080,
Westside Mall Branch,Regional Supply Chain,2025-12-05,Frozen French Fries 1kg,Unit,137,3.59,BATCH-60099,,INV-686891,
Northpoint Outlet,Premium Grocers Supply,2026-01-04,Chicken Nuggets 500g,Unit,60,7.64,BATCH-13730,,INV-135599,Rush delivery
Northpoint Outlet,Global Food Distributors,2025-12-18,Chicken Nuggets 500g,Unit,81,6.76,BATCH-68674,,INV-833689,
Downtown Main Store,FreshFarm Wholesale Co.,2025-12-09,Chicken Nuggets 500g,Unit,101,7.04,BATCH-35667,,INV-220888,
Downtown Main Store,Quality Foods Ltd.,2025-12-02,Chicken Nuggets 500g,Unit,38,7.81,BATCH-37736,,INV-683279,Seasonal inventory
Eastgate Shopping Center,Quality Foods Ltd.,2025-11-14,Chicken Nuggets 500g,Unit,97,6.97,BATCH-42720,,INV-287348,Rush delivery
Eastgate Shopping Center,Eco-Friendly Suppliers,2025-12-10,Chicken Nuggets 500g,Unit,95,7.25,BATCH-15180,,INV-736646,
Eastgate Shopping Center,Global Food Distributors,2026-01-09,Chicken Nuggets 500g,Unit,77,6.86,BATCH-31201,,INV-658419,Rush delivery
Westside Mall Branch,Bulk Foods Warehouse,2026-01-29,Laundry Detergent 2L,Unit,43,9.73,BATCH-75545,,INV-592305,Promotional stock
Downtown Main Store,Mega Suppliers Inc.,2025-12-02,Laundry Detergent 2L,Unit,81,8.68,BATCH-81540,,INV-322540,Quality checked and approved
Downtown Main Store,Quality Foods Ltd.,2025-11-17,Laundry Detergent 2L,Unit,59,8.81,BATCH-44031,,INV-729173,Rush delivery
Downtown Main Store,Mega Suppliers Inc.,2025-12-04,Laundry Detergent 2L,Unit,66,7.86,BATCH-94802,,INV-297032,
South Bay Store,FreshFarm Wholesale Co.,2025-12-16,Laundry Detergent 2L,Unit,66,9.73,BATCH-60089,,INV-932578,
South Bay Store,Eco-Friendly Suppliers,2025-11-11,Laundry Detergent 2L,Unit,44,9.58,BATCH-30589,,INV-904694,
Northpoint Outlet,Express Distribution Co.,2025-12-05,Dish Soap 750ml,Unit,95,2.94,BATCH-40922,,INV-636548,Quality checked and approved
Northpoint Outlet,Eco-Friendly Suppliers,2026-01-03,Dish Soap 750ml,Unit,61,3.02,BATCH-11513,,INV-291291,Rush delivery
Westside Mall Branch,Premium Grocers Supply,2025-11-21,Dish Soap 750ml,Unit,98,3.04,BATCH-70635,,INV-846602,
Westside Mall Branch,Bulk Foods Warehouse,2025-12-02,Dish Soap 750ml,Unit,75,3.17,BATCH-35748,,INV-797946,Seasonal inventory
South Bay Store,Regional Supply Chain,2025-11-09,Dish Soap 750ml,Unit,33,2.73,BATCH-52407,,INV-256517,Seasonal inventory
South Bay Store,Regional Supply Chain,2025-12-26,Dish Soap 750ml,Unit,62,2.96,BATCH-71358,,INV-581268,Seasonal inventory
Downtown Main Store,Global Food Distributors,2025-11-12,Dish Soap 750ml,Unit,40,2.5,BATCH-49889,,INV-205569,
Downtown Main Store,Express Distribution Co.,2025-12-28,Dish Soap 750ml,Unit,96,3.06,BATCH-14904,,INV-765146,Quality checked and approved
Northpoint Outlet,Mega Suppliers Inc.,2026-01-24,All-Purpose Cleaner 1L,Unit,50,3.77,BATCH-84925,,INV-930901,
Northpoint Outlet,Mega Suppliers Inc.,2025-12-12,All-Purpose Cleaner 1L,Unit,46,4.34,BATCH-97158,,INV-336724,Rush delivery
Northpoint Outlet,Eco-Friendly Suppliers,2025-12-25,All-Purpose Cleaner 1L,Unit,61,3.84,BATCH-95760,,INV-193488,Seasonal inventory
Eastgate Shopping Center,Premium Grocers Supply,2025-12-14,All-Purpose Cleaner 1L,Unit,81,4.08,BATCH-27324,,INV-868078,Rush delivery
Eastgate Shopping Center,Bulk Foods Warehouse,2025-12-05,All-Purpose Cleaner 1L,Unit,29,3.88,BATCH-69957,,INV-111284,
Eastgate Shopping Center,Prime Importers,2026-01-23,All-Purpose Cleaner 1L,Unit,72,3.89,BATCH-90605,,INV-555769,Seasonal inventory
Westside Mall Branch,FreshFarm Wholesale Co.,2025-11-09,All-Purpose Cleaner 1L,Unit,68,3.48,BATCH-21695,,INV-472132,Quality checked and approved
Downtown Main Store,Mega Suppliers Inc.,2025-11-11,All-Purpose Cleaner 1L,Unit,81,4.22,BATCH-23118,,INV-329477,
Downtown Main Store,Premium Grocers Supply,2026-01-24,All-Purpose Cleaner 1L,Unit,53,3.79,BATCH-29397,,INV-352028,Quality checked and approved
South Bay Store,Eco-Friendly Suppliers,2026-01-16,All-Purpose Cleaner 1L,Unit,42,3.91,BATCH-70609,,INV-608067,
South Bay Store,Bulk Foods Warehouse,2025-11-26,All-Purpose Cleaner 1L,Unit,37,3.6,BATCH-37756,,INV-970370,Seasonal inventory
South Bay Store,Global Food Distributors,2026-01-16,Paper Towels 6-Pack,Unit,113,5.46,BATCH-17334,,INV-970613,Seasonal inventory
South Bay Store,Eco-Friendly Suppliers,2025-11-30,Paper Towels 6-Pack,Unit,110,6.41,BATCH-90186,,INV-751739,Quality checked and approved
South Bay Store,Premium Grocers Supply,2025-11-11,Paper Towels 6-Pack,Unit,51,7.08,BATCH-59051,,INV-919605,
Northpoint Outlet,Premium Grocers Supply,2025-11-27,Paper Towels 6-Pack,Unit,95,6.64,BATCH-19758,,INV-118736,Quality checked and approved
Northpoint Outlet,Regional Supply Chain,2025-12-08,Paper Towels 6-Pack,Unit,57,5.52,BATCH-50800,,INV-251223,
Eastgate Shopping Center,Quality Foods Ltd.,2026-01-27,Paper Towels 6-Pack,Unit,135,6.75,BATCH-71259,,INV-804268,
Westside Mall Branch,Quality Foods Ltd.,2025-11-14,Paper Towels 6-Pack,Unit,101,6.36,BATCH-81970,,INV-663246,
Westside Mall Branch,Prime Importers,2025-12-12,Paper Towels 6-Pack,Unit,56,6.61,BATCH-97824,,INV-472409,Quality checked and approved
Westside Mall Branch,Eco-Friendly Suppliers,2025-11-13,Paper Towels 6-Pack,Unit,86,5.73,BATCH-67382,,INV-356110,
Downtown Main Store,Prime Importers,2025-11-20,Paper Towels 6-Pack,Unit,107,5.63,BATCH-97989,,INV-574348,Seasonal inventory
Downtown Main Store,Premium Grocers Supply,2026-01-10,Paper Towels 6-Pack,Unit,97,6.79,BATCH-20078,,INV-424469,Promotional stock
Downtown Main Store,Express Distribution Co.,2026-01-25,Paper Towels 6-Pack,Unit,92,6.68,BATCH-98232,,INV-888515,
Northpoint Outlet,Eco-Friendly Suppliers,2026-01-05,Toilet Paper 12-Pack,Unit,113,8.49,BATCH-78745,,INV-419805,Rush delivery
Northpoint Outlet,Bulk Foods Warehouse,2026-01-19,Toilet Paper 12-Pack,Unit,169,8.9,BATCH-57525,,INV-747259,Promotional stock
Northpoint Outlet,Global Food Distributors,2025-11-25,Toilet Paper 12-Pack,Unit,68,8.81,BATCH-43260,,INV-361309,Promotional stock
South Bay Store,Express Distribution Co.,2025-11-05,Toilet Paper 12-Pack,Unit,137,9.06,BATCH-38941,,INV-705865,
South Bay Store,Quality Foods Ltd.,2026-01-31,Toilet Paper 12-Pack,Unit,55,8.41,BATCH-94022,,INV-184561,Seasonal inventory
South Bay Store,Bulk Foods Warehouse,2026-01-26,Toilet Paper 12-Pack,Unit,110,8.01,BATCH-22222,,INV-482201,Rush delivery
Westside Mall Branch,Global Food Distributors,2026-01-07,Toilet Paper 12-Pack,Unit,117,7.82,BATCH-83750,,INV-599786,Promotional stock
Eastgate Shopping Center,Eco-Friendly Suppliers,2025-11-11,Toilet Paper 12-Pack,Unit,172,9.71,BATCH-35517,,INV-391602,
Downtown Main Store,FreshFarm Wholesale Co.,2025-12-13,Trash Bags 30-Pack,Unit,110,7.57,BATCH-33413,,INV-472184,Seasonal inventory
Westside Mall Branch,Regional Supply Chain,2025-12-17,Trash Bags 30-Pack,Unit,56,6.31,BATCH-82739,,INV-208824,Quality checked and approved
Westside Mall Branch,Prime Importers,2025-12-01,Trash Bags 30-Pack,Unit,88,6.08,BATCH-60817,,INV-615188,Promotional stock
Westside Mall Branch,Global Food Distributors,2026-01-14,Trash Bags 30-Pack,Unit,54,7.92,BATCH-67217,,INV-564114,
South Bay Store,Mega Suppliers Inc.,2025-11-12,Trash Bags 30-Pack,Unit,90,7.5,BATCH-98892,,INV-557469,Seasonal inventory
South Bay Store,Regional Supply Chain,2026-01-15,Trash Bags 30-Pack,Unit,40,6.44,BATCH-68080,,INV-771946,
South Bay Store,Mega Suppliers Inc.,2026-01-02,Trash Bags 30-Pack,Unit,53,7.65,BATCH-63118,,INV-980325,
Eastgate Shopping Center,Premium Grocers Supply,2026-01-18,Trash Bags 30-Pack,Unit,90,6.25,BATCH-72825,,INV-121061,
Eastgate Shopping Center,Bulk Foods Warehouse,2026-01-29,Trash Bags 30-Pack,Unit,118,6.26,BATCH-65249,,INV-678697,Seasonal inventory
Eastgate Shopping Center,Global Food Distributors,2026-01-01,Trash Bags 30-Pack,Unit,59,7.49,BATCH-78087,,INV-337120,Seasonal inventory
Northpoint Outlet,Prime Importers,2025-12-16,Trash Bags 30-Pack,Unit,53,6.43,BATCH-59828,,INV-725948,Seasonal inventory
Northpoint Outlet,Prime Importers,2026-01-29,Trash Bags 30-Pack,Unit,111,7.15,BATCH-23854,,INV-560134,
Northpoint Outlet,Mega Suppliers Inc.,2025-11-19,Trash Bags 30-Pack,Unit,123,7.72,BATCH-46181,,INV-189916,
Eastgate Shopping Center,Mega Suppliers Inc.,2025-11-17,Aluminum Foil 30m,Unit,40,4.79,BATCH-44395,,INV-903287,
Eastgate Shopping Center,Quality Foods Ltd.,2025-12-11,Aluminum Foil 30m,Unit,60,4.5,BATCH-81539,,INV-758336,Promotional stock
Eastgate Shopping Center,Express Distribution Co.,2025-12-28,Aluminum Foil 30m,Unit,37,5.02,BATCH-49787,,INV-689327,
Northpoint Outlet,Regional Supply Chain,2025-11-07,Aluminum Foil 30m,Unit,52,4.33,BATCH-52523,,INV-718941,
South Bay Store,Mega Suppliers Inc.,2025-12-10,Aluminum Foil 30m,Unit,63,4.48,BATCH-76486,,INV-411911,Seasonal inventory
Westside Mall Branch,Mega Suppliers Inc.,2025-12-24,Aluminum Foil 30m,Unit,30,4.82,BATCH-96453,,INV-526717,Seasonal inventory
Westside Mall Branch,Quality Foods Ltd.,2026-01-23,Aluminum Foil 30m,Unit,30,5.13,BATCH-71649,,INV-493066,Seasonal inventory
Westside Mall Branch,Mega Suppliers Inc.,2025-11-25,Aluminum Foil 30m,Unit,40,4.94,BATCH-17745,,INV-291330,
Downtown Main Store,Premium Grocers Supply,2026-01-06,Aluminum Foil 30m,Unit,63,4.63,BATCH-89887,,INV-638004,
Downtown Main Store,Premium Grocers Supply,2026-01-19,Aluminum Foil 30m,Unit,51,4.37,BATCH-21953,,INV-632752,
Westside Mall Branch,Quality Foods Ltd.,2026-01-11,Plastic Wrap 100m,Unit,42,3.93,BATCH-39392,,INV-559961,
Westside Mall Branch,Global Food Distributors,2025-12-10,Plastic Wrap 100m,Unit,70,3.24,BATCH-41959,,INV-659995,
Eastgate Shopping Center,Bulk Foods Warehouse,2026-01-10,Plastic Wrap 100m,Unit,38,3.46,BATCH-97544,,INV-514350,
Eastgate Shopping Center,Bulk Foods Warehouse,2025-11-17,Plastic Wrap 100m,Unit,22,3.07,BATCH-28803,,INV-865280,Quality checked and approved
Northpoint Outlet,Mega Suppliers Inc.,2026-02-01,Plastic Wrap 100m,Unit,20,3.38,BATCH-56155,,INV-324044,
Northpoint Outlet,Premium Grocers Supply,2026-01-16,Plastic Wrap 100m,Unit,21,3.6,BATCH-14529,,INV-360761,
Northpoint Outlet,Quality Foods Ltd.,2025-12-13,Plastic Wrap 100m,Unit,31,3.74,BATCH-55037,,INV-436503,Quality checked and approved
South Bay Store,Regional Supply Chain,2026-01-12,Shampoo 500ml,Unit,88,5.25,BATCH-39300,,INV-125810,
Westside Mall Branch,Eco-Friendly Suppliers,2026-01-18,Shampoo 500ml,Unit,67,4.87,BATCH-56831,,INV-941397,Rush delivery
Westside Mall Branch,Prime Importers,2026-01-23,Shampoo 500ml,Unit,32,5.31,BATCH-80744,,INV-538338,Rush delivery
Downtown Main Store,Bulk Foods Warehouse,2025-11-08,Shampoo 500ml,Unit,43,5.03,BATCH-78282,,INV-206202,
Downtown Main Store,Regional Supply Chain,2025-11-17,Shampoo 500ml,Unit,76,6.14,BATCH-65129,,INV-828552,
Eastgate Shopping Center,Premium Grocers Supply,2025-11-21,Conditioner 500ml,Unit,84,5.5,BATCH-93662,,INV-196380,Quality checked and approved
South Bay Store,Global Food Distributors,2025-12-15,Conditioner 500ml,Unit,37,6.01,BATCH-42223,,INV-180917,Promotional stock
Downtown Main Store,FreshFarm Wholesale Co.,2026-01-04,Conditioner 500ml,Unit,48,5.41,BATCH-81154,,INV-440124,
Downtown Main Store,Quality Foods Ltd.,2025-11-26,Conditioner 500ml,Unit,56,5.36,BATCH-61970,,INV-256808,Seasonal inventory
Downtown Main Store,Regional Supply Chain,2026-02-01,Conditioner 500ml,Unit,38,5.76,BATCH-24135,,INV-136576,
Northpoint Outlet,Global Food Distributors,2026-01-28,Conditioner 500ml,Unit,52,5.21,BATCH-40296,,INV-313494,Quality checked and approved
Northpoint Outlet,Premium Grocers Supply,2025-11-13,Conditioner 500ml,Unit,61,5.72,BATCH-80364,,INV-675965,Seasonal inventory
Northpoint Outlet,Mega Suppliers Inc.,2025-11-28,Conditioner 500ml,Unit,63,5.16,BATCH-87075,,INV-701842,Promotional stock
Northpoint Outlet,Quality Foods Ltd.,2025-12-02,Body Wash 400ml,Unit,43,5.11,BATCH-12672,,INV-623361,
South Bay Store,Premium Grocers Supply,2025-12-23,Body Wash 400ml,Unit,82,4.21,BATCH-38782,,INV-878648,
South Bay Store,Mega Suppliers Inc.,2025-11-09,Body Wash 400ml,Unit,67,4.27,BATCH-92082,,INV-216736,Promotional stock
Downtown Main Store,Mega Suppliers Inc.,2025-12-24,Body Wash 400ml,Unit,64,4.53,BATCH-95609,,INV-517969,Seasonal inventory
Downtown Main Store,Eco-Friendly Suppliers,2025-12-30,Body Wash 400ml,Unit,37,5.1,BATCH-30428,,INV-342559,Seasonal inventory
Downtown Main Store,Bulk Foods Warehouse,2025-12-27,Body Wash 400ml,Unit,100,4.33,BATCH-98137,,INV-392607,Rush delivery
Eastgate Shopping Center,FreshFarm Wholesale Co.,2025-11-26,Body Wash 400ml,Unit,53,4.19,BATCH-11393,,INV-586832,Promotional stock
Eastgate Shopping Center,Premium Grocers Supply,2026-01-31,Body Wash 400ml,Unit,45,4.35,BATCH-33120,,INV-164007,Seasonal inventory
Eastgate Shopping Center,Quality Foods Ltd.,2026-01-10,Bar Soap 4-Pack,Unit,99,4.48,BATCH-34415,,INV-802788,Seasonal inventory
Eastgate Shopping Center,Global Food Distributors,2025-12-31,Bar Soap 4-Pack,Unit,102,3.96,BATCH-72952,,INV-695967,Quality checked and approved
South Bay Store,FreshFarm Wholesale Co.,2026-01-13,Bar Soap 4-Pack,Unit,45,3.68,BATCH-67446,,INV-221948,Quality checked and approved
South Bay Store,Quality Foods Ltd.,2025-11-22,Bar Soap 4-Pack,Unit,104,4.38,BATCH-62367,,INV-299619,
South Bay Store,Express Distribution Co.,2026-01-21,Bar Soap 4-Pack,Unit,48,3.96,BATCH-56254,,INV-598477,Rush delivery
Northpoint Outlet,Bulk Foods Warehouse,2026-01-15,Bar Soap 4-Pack,Unit,37,4.21,BATCH-65175,,INV-896668,Quality checked and approved
Westside Mall Branch,Premium Grocers Supply,2026-01-18,Toothpaste 150g,Unit,123,2.94,BATCH-38710,,INV-575494,
Westside Mall Branch,Eco-Friendly Suppliers,2025-12-01,Toothpaste 150g,Unit,86,2.98,BATCH-86647,,INV-704077,Seasonal inventory
Westside Mall Branch,Regional Supply Chain,2026-01-09,Toothpaste 150g,Unit,75,3.18,BATCH-41091,,INV-316419,
South Bay Store,Premium Grocers Supply,2026-01-18,Toothpaste 150g,Unit,80,3.21,BATCH-22915,,INV-538866,Promotional stock
Northpoint Outlet,Regional Supply Chain,2025-11-16,Toothpaste 150g,Unit,65,3.57,BATCH-91914,,INV-785291,
Eastgate Shopping Center,Express Distribution Co.,2025-12-21,Toothpaste 150g,Unit,77,3.43,BATCH-28075,,INV-334780,Seasonal inventory
Eastgate Shopping Center,Global Food Distributors,2025-11-13,Toothpaste 150g,Unit,63,2.99,BATCH-87896,,INV-729105,Quality checked and approved
Westside Mall Branch,Eco-Friendly Suppliers,2025-11-11,Toothbrush Soft,Unit,77,2.59,BATCH-94880,,INV-803430,Seasonal inventory
Northpoint Outlet,Global Food Distributors,2025-11-17,Toothbrush Soft,Unit,145,2.57,BATCH-76860,,INV-845804,
Northpoint Outlet,Regional Supply Chain,2026-01-05,Toothbrush Soft,Unit,109,2.51,BATCH-42087,,INV-477812,
Eastgate Shopping Center,Bulk Foods Warehouse,2025-11-27,Toothbrush Soft,Unit,137,2.76,BATCH-80797,,INV-572336,Quality checked and approved
Downtown Main Store,Prime Importers,2025-12-31,Toothbrush Soft,Unit,118,2.46,BATCH-42395,,INV-215720,
Downtown Main Store,Eco-Friendly Suppliers,2026-01-12,Toothbrush Soft,Unit,117,2.65,BATCH-25897,,INV-527796,Promotional stock
Downtown Main Store,Quality Foods Ltd.,2025-12-25,Deodorant Spray 150ml,Unit,51,3.86,BATCH-88776,,INV-515874,Rush delivery
Downtown Main Store,Express Distribution Co.,2026-01-16,Deodorant Spray 150ml,Unit,64,4.08,BATCH-27676,,INV-520831,
South Bay Store,Global Food Distributors,2026-01-05,Deodorant Spray 150ml,Unit,118,4.75,BATCH-20100,,INV-554259,Quality checked and approved
South Bay Store,Regional Supply Chain,2026-01-29,Deodorant Spray 150ml,Unit,116,3.72,BATCH-89030,,INV-315295,Rush delivery
South Bay Store,Express Distribution Co.,2026-01-14,Deodorant Spray 150ml,Unit,48,4.4,BATCH-35883,,INV-880596,
Westside Mall Branch,Quality Foods Ltd.,2025-11-17,Deodorant Spray 150ml,Unit,77,4.62,BATCH-38420,,INV-836029,Seasonal inventory
Northpoint Outlet,Bulk Foods Warehouse,2025-11-17,Deodorant Spray 150ml,Unit,81,4.42,BATCH-95587,,INV-136656,Quality checked and approved
Downtown Main Store,Quality Foods Ltd.,2025-12-24,Razors 5-Pack,Unit,72,6.95,BATCH-59010,,INV-776885,
Downtown Main Store,Regional Supply Chain,2026-01-08,Razors 5-Pack,Unit,70,6.93,BATCH-27489,,INV-351797,Seasonal inventory
Eastgate Shopping Center,Quality Foods Ltd.,2025-12-11,Razors 5-Pack,Unit,30,6.54,BATCH-59959,,INV-683984,
South Bay Store,Bulk Foods Warehouse,2025-12-04,Razors 5-Pack,Unit,44,7.97,BATCH-88990,,INV-231474,Promotional stock
South Bay Store,Prime Importers,2025-11-21,Shaving Cream 300ml,Unit,55,3.91,BATCH-22928,,INV-161806,Quality checked and approved
South Bay Store,Mega Suppliers Inc.,2026-01-22,Shaving Cream 300ml,Unit,46,3.91,BATCH-87497,,INV-853536,Promotional stock
Westside Mall Branch,Bulk Foods Warehouse,2025-11-22,Shaving Cream 300ml,Unit,40,4.59,BATCH-83648,,INV-794859,
Westside Mall Branch,Global Food Distributors,2026-01-01,Shaving Cream 300ml,Unit,62,5.15,BATCH-23474,,INV-766480,Seasonal inventory
Westside Mall Branch,Eco-Friendly Suppliers,2025-11-09,Shaving Cream 300ml,Unit,37,4.26,BATCH-67531,,INV-780542,Quality checked and approved
Downtown Main Store,Express Distribution Co.,2025-12-14,Shaving Cream 300ml,Unit,55,4.54,BATCH-27783,,INV-738440,
Downtown Main Store,Regional Supply Chain,2025-12-11,Shaving Cream 300ml,Unit,46,4.81,BATCH-13555,,INV-191484,
Eastgate Shopping Center,Global Food Distributors,2025-11-10,Shaving Cream 300ml,Unit,35,4.9,BATCH-69996,,INV-910239,
Eastgate Shopping Center,Bulk Foods Warehouse,2025-11-17,Shaving Cream 300ml,Unit,66,4.02,BATCH-38215,,INV-450056,
Eastgate Shopping Center,Prime Importers,2025-11-19,Shaving Cream 300ml,Unit,49,4.23,BATCH-12700,,INV-614745,
Northpoint Outlet,Bulk Foods Warehouse,2025-12-31,Shaving Cream 300ml,Unit,37,4.88,BATCH-75540,,INV-539602,Quality checked and approved
Downtown Main Store,Premium Grocers Supply,2026-01-03,Face Moisturizer 100ml,Unit,20,10.35,BATCH-49208,,INV-479230,
Downtown Main Store,Express Distribution Co.,2025-11-10,Face Moisturizer 100ml,Unit,36,9.71,BATCH-42083,,INV-871936,Seasonal inventory
Downtown Main Store,Premium Grocers Supply,2026-01-04,Face Moisturizer 100ml,Unit,50,9.29,BATCH-50185,,INV-655213,
Westside Mall Branch,Global Food Distributors,2025-12-04,Face Moisturizer 100ml,Unit,34,9.38,BATCH-19700,,INV-377450,Rush delivery
Northpoint Outlet,Mega Suppliers Inc.,2026-01-30,Face Moisturizer 100ml,Unit,56,9.93,BATCH-68592,,INV-492223,Promotional stock
Northpoint Outlet,Express Distribution Co.,2025-11-19,Face Moisturizer 100ml,Unit,39,11.22,BATCH-44431,,INV-914216,Seasonal inventory
South Bay Store,Eco-Friendly Suppliers,2026-01-16,Sunscreen SPF 50 200ml,Unit,25,7.98,BATCH-89992,,INV-197551,Promotional stock
South Bay Store,FreshFarm Wholesale Co.,2025-12-07,Sunscreen SPF 50 200ml,Unit,38,9.84,BATCH-69027,,INV-828096,Rush delivery
Downtown Main Store,Prime Importers,2026-01-25,Sunscreen SPF 50 200ml,Unit,63,10.21,BATCH-38696,,INV-724690,
Downtown Main Store,Global Food Distributors,2026-01-02,Sunscreen SPF 50 200ml,Unit,47,9.7,BATCH-51163,,INV-816071,Rush delivery
Downtown Main Store,Eco-Friendly Suppliers,2025-12-08,Sunscreen SPF 50 200ml,Unit,33,8.29,BATCH-73235,,INV-277329,
Eastgate Shopping Center,Quality Foods Ltd.,2026-01-28,Sunscreen SPF 50 200ml,Unit,32,8.63,BATCH-52823,,INV-501865,Promotional stock
Northpoint Outlet,Premium Grocers Supply,2025-11-08,Sunscreen SPF 50 200ml,Unit,53,8.61,BATCH-25225,,INV-960797,
Northpoint Outlet,Bulk Foods Warehouse,2026-01-15,Sunscreen SPF 50 200ml,Unit,44,10.23,BATCH-51236,,INV-283978,
Northpoint Outlet,Mega Suppliers Inc.,2026-01-20,Sunscreen SPF 50 200ml,Unit,67,8.77,BATCH-52898,,INV-573057,
Westside Mall Branch,Express Distribution Co.,2025-11-15,Sunscreen SPF 50 200ml,Unit,51,8.57,BATCH-91860,,INV-429935,
South Bay Store,FreshFarm Wholesale Co.,2025-12-07,Hand Sanitizer 500ml,Unit,94,4.16,BATCH-97813,,INV-570501,Quality checked and approved
South Bay Store,Premium Grocers Supply,2025-11-27,Hand Sanitizer 500ml,Unit,61,3.95,BATCH-33712,,INV-989249,
South Bay Store,Bulk Foods Warehouse,2026-01-12,Hand Sanitizer 500ml,Unit,53,3.95,BATCH-97327,,INV-967522,Quality checked and approved
Westside Mall Branch,Premium Grocers Supply,2026-01-09,Hand Sanitizer 500ml,Unit,104,4.48,BATCH-78296,,INV-409098,Seasonal inventory
Westside Mall Branch,FreshFarm Wholesale Co.,2025-12-28,Hand Sanitizer 500ml,Unit,82,3.88,BATCH-74959,,INV-955465,Quality checked and approved
Westside Mall Branch,Global Food Distributors,2026-01-25,Hand Sanitizer 500ml,Unit,106,3.96,BATCH-55765,,INV-804253,Seasonal inventory
Eastgate Shopping Center,Express Distribution Co.,2025-12-14,Hand Sanitizer 500ml,Unit,54,3.67,BATCH-82682,,INV-632285,
Eastgate Shopping Center,Quality Foods Ltd.,2025-12-14,Hand Sanitizer 500ml,Unit,48,4.39,BATCH-35174,,INV-687944,Rush delivery
Northpoint Outlet,FreshFarm Wholesale Co.,2025-11-07,Cotton Swabs 200-Pack,Unit,40,2.88,BATCH-62629,,INV-448599,Seasonal inventory
South Bay Store,FreshFarm Wholesale Co.,2025-11-17,Cotton Swabs 200-Pack,Unit,64,2.88,BATCH-93314,,INV-856725,Quality checked and approved
Eastgate Shopping Center,FreshFarm Wholesale Co.,2025-12-10,Cotton Swabs 200-Pack,Unit,42,2.83,BATCH-93841,,INV-849440,
Eastgate Shopping Center,Quality Foods Ltd.,2025-11-12,Cotton Swabs 200-Pack,Unit,63,2.64,BATCH-95922,,INV-930795,
Downtown Main Store,Global Food Distributors,2025-12-15,Cotton Swabs 200-Pack,Unit,96,2.76,BATCH-43215,,INV-365169,Seasonal inventory
Downtown Main Store,Quality Foods Ltd.,2026-01-25,Cotton Swabs 200-Pack,Unit,52,3.13,BATCH-92977,,INV-737339,Quality checked and approved
Downtown Main Store,Bulk Foods Warehouse,2025-11-18,Cotton Swabs 200-Pack,Unit,40,3.17,BATCH-89702,,INV-615584,Rush delivery
Westside Mall Branch,Bulk Foods Warehouse,2026-01-09,Cotton Swabs 200-Pack,Unit,53,3.07,BATCH-46665,,INV-481336,Promotional stock
Northpoint Outlet,Regional Supply Chain,2026-01-12,Baby Diapers Size 4 40-Pack,Unit,102,18.68,BATCH-60881,2026-05-09,INV-452732,
Downtown Main Store,Eco-Friendly Suppliers,2025-12-27,Baby Diapers Size 4 40-Pack,Unit,47,15.2,BATCH-33078,2026-03-09,INV-677742,
Eastgate Shopping Center,FreshFarm Wholesale Co.,2025-12-21,Baby Diapers Size 4 40-Pack,Unit,80,17.67,BATCH-85943,2026-01-28,INV-810082,Seasonal inventory
Eastgate Shopping Center,Quality Foods Ltd.,2025-12-16,Baby Diapers Size 4 40-Pack,Unit,90,16.54,BATCH-44962,2026-04-07,INV-100398,
Westside Mall Branch,Bulk Foods Warehouse,2025-12-23,Baby Wipes 80-Pack,Unit,81,4.48,BATCH-14132,2026-04-24,INV-388008,
Westside Mall Branch,Mega Suppliers Inc.,2025-11-07,Baby Wipes 80-Pack,Unit,43,4.72,BATCH-54069,2026-01-31,INV-526981,
Westside Mall Branch,Global Food Distributors,2025-12-06,Baby Wipes 80-Pack,Unit,60,5.14,BATCH-62185,2026-05-21,INV-924370,Seasonal inventory
South Bay Store,Eco-Friendly Suppliers,2025-12-03,Baby Wipes 80-Pack,Unit,124,5.44,BATCH-18091,2026-03-07,INV-772389,Seasonal inventory
South Bay Store,Quality Foods Ltd.,2025-11-28,Baby Wipes 80-Pack,Unit,81,4.68,BATCH-69196,2026-05-20,INV-546301,Rush delivery
South Bay Store,Eco-Friendly Suppliers,2025-11-22,Baby Wipes 80-Pack,Unit,93,4.5,BATCH-23297,2026-01-27,INV-677954,Quality checked and approved
Eastgate Shopping Center,Global Food Distributors,2025-12-22,Baby Wipes 80-Pack,Unit,134,5.3,BATCH-46656,2026-02-24,INV-693446,
Westside Mall Branch,Mega Suppliers Inc.,2025-11-21,Baby Formula 800g,Unit,54,23.72,BATCH-71633,2026-05-19,INV-267535,
South Bay Store,Regional Supply Chain,2025-12-24,Baby Formula 800g,Unit,56,21.5,BATCH-67691,2026-03-03,INV-127215,
Northpoint Outlet,FreshFarm Wholesale Co.,2025-12-10,Baby Formula 800g,Unit,51,21.29,BATCH-76473,2026-02-24,INV-100407,Quality checked and approved
Downtown Main Store,Bulk Foods Warehouse,2025-12-13,Baby Formula 800g,Unit,61,21.63,BATCH-62204,2026-03-04,INV-697711,Quality checked and approved
Downtown Main Store,Eco-Friendly Suppliers,2025-12-03,Baby Formula 800g,Unit,44,19.74,BATCH-11930,2026-04-27,INV-863647,Promotional stock
Eastgate Shopping Center,Eco-Friendly Suppliers,2025-11-05,Baby Formula 800g,Unit,41,19.36,BATCH-96282,2026-04-09,INV-252175,Promotional stock
Northpoint Outlet,Premium Grocers Supply,2025-12-15,Baby Shampoo 400ml,Unit,30,6.15,BATCH-12716,2026-06-03,INV-584624,
Northpoint Outlet,Express Distribution Co.,2026-01-29,Baby Shampoo 400ml,Unit,43,5.49,BATCH-55045,2026-06-27,INV-417336,Promotional stock
Eastgate Shopping Center,Premium Grocers Supply,2025-12-07,Baby Shampoo 400ml,Unit,66,5.26,BATCH-24930,2026-05-28,INV-960632,
South Bay Store,Premium Grocers Supply,2025-12-08,Baby Shampoo 400ml,Unit,68,5.04,BATCH-73778,2026-01-29,INV-730949,
Downtown Main Store,Bulk Foods Warehouse,2025-11-20,Baby Shampoo 400ml,Unit,62,6.1,BATCH-11105,2026-03-05,INV-602107,Quality checked and approved
Westside Mall Branch,Quality Foods Ltd.,2026-01-12,Baby Shampoo 400ml,Unit,77,5.07,BATCH-35066,2026-04-27,INV-512965,
Westside Mall Branch,Eco-Friendly Suppliers,2025-11-20,Baby Shampoo 400ml,Unit,41,5.95,BATCH-95254,2026-05-13,INV-311799,
Westside Mall Branch,Quality Foods Ltd.,2025-12-13,Baby Shampoo 400ml,Unit,30,5.21,BATCH-45404,2026-02-16,INV-140245,Rush delivery
Westside Mall Branch,Mega Suppliers Inc.,2026-01-23,Pacifiers 2-Pack,Unit,66,5.61,BATCH-92246,2026-07-04,INV-920308,Quality checked and approved
Westside Mall Branch,Regional Supply Chain,2025-12-02,Pacifiers 2-Pack,Unit,56,6.38,BATCH-55932,2026-01-23,INV-470558,
Westside Mall Branch,Express Distribution Co.,2026-01-13,Pacifiers 2-Pack,Unit,35,6.12,BATCH-40388,2026-04-24,INV-122856,Seasonal inventory
South Bay Store,Eco-Friendly Suppliers,2025-12-24,Pacifiers 2-Pack,Unit,59,6.28,BATCH-83196,2026-04-08,INV-478575,Quality checked and approved
Northpoint Outlet,Global Food Distributors,2026-01-12,Pacifiers 2-Pack,Unit,51,6.53,BATCH-13880,2026-04-02,INV-164890,
Northpoint Outlet,Eco-Friendly Suppliers,2026-01-20,Pacifiers 2-Pack,Unit,27,5.86,BATCH-23869,2026-05-27,INV-894512,
Northpoint Outlet,Eco-Friendly Suppliers,2025-12-01,Pacifiers 2-Pack,Unit,51,6.59,BATCH-71479,2026-04-09,INV-873793,Rush delivery
Eastgate Shopping Center,Global Food Distributors,2025-11-29,Pacifiers 2-Pack,Unit,40,6.9,BATCH-80317,2026-01-11,INV-749119,
Eastgate Shopping Center,Quality Foods Ltd.,2026-01-31,Pacifiers 2-Pack,Unit,29,5.48,BATCH-10249,2026-06-19,INV-183922,
Downtown Main Store,Regional Supply Chain,2026-01-09,Pacifiers 2-Pack,Unit,42,6.81,BATCH-88618,2026-07-07,INV-722162,Rush delivery
Downtown Main Store,Premium Grocers Supply,2025-11-16,Pacifiers 2-Pack,Unit,69,6.26,BATCH-93647,2025-12-24,INV-759644,
Downtown Main Store,FreshFarm Wholesale Co.,2025-12-02,Pacifiers 2-Pack,Unit,62,6.32,BATCH-83211,2026-02-20,INV-268825,
Downtown Main Store,Prime Importers,2026-01-27,Dog Food Dry 5kg,Unit,61,19.84,BATCH-34450,,INV-550793,Quality checked and approved
Downtown Main Store,Prime Importers,2025-12-12,Dog Food Dry 5kg,Unit,24,16.27,BATCH-87007,,INV-454946,
Northpoint Outlet,Eco-Friendly Suppliers,2025-11-30,Dog Food Dry 5kg,Unit,32,15.82,BATCH-33584,,INV-639743,Promotional stock
South Bay Store,Eco-Friendly Suppliers,2025-12-27,Dog Food Dry 5kg,Unit,61,18.34,BATCH-38711,,INV-806965,Seasonal inventory
Northpoint Outlet,Regional Supply Chain,2025-12-24,Cat Food Dry 3kg,Unit,82,12.57,BATCH-81977,,INV-813597,
Westside Mall Branch,Prime Importers,2025-12-31,Cat Food Dry 3kg,Unit,26,12.81,BATCH-32416,,INV-341884,Quality checked and approved
Westside Mall Branch,Express Distribution Co.,2026-02-01,Cat Food Dry 3kg,Unit,30,13.3,BATCH-15943,,INV-154167,
Downtown Main Store,Express Distribution Co.,2025-11-23,Cat Food Dry 3kg,Unit,27,13.62,BATCH-98917,,INV-483429,
Downtown Main Store,Global Food Distributors,2025-12-28,Cat Food Dry 3kg,Unit,25,13.7,BATCH-12758,,INV-738388,
Downtown Main Store,FreshFarm Wholesale Co.,2025-12-14,Cat Food Dry 3kg,Unit,32,13.11,BATCH-74548,,INV-159666,Seasonal inventory
South Bay Store,Premium Grocers Supply,2025-12-14,Cat Food Dry 3kg,Unit,52,12.7,BATCH-49957,,INV-420313,
South Bay Store,Eco-Friendly Suppliers,2025-12-23,Cat Food Dry 3kg,Unit,76,14.01,BATCH-91182,,INV-615782,
South Bay Store,Mega Suppliers Inc.,2025-12-07,Cat Food Dry 3kg,Unit,33,15.23,BATCH-42174,,INV-372403,Promotional stock
Westside Mall Branch,Eco-Friendly Suppliers,2025-11-24,Dog Treats 500g,Unit,40,7.26,BATCH-69175,,INV-697000,
Westside Mall Branch,Mega Suppliers Inc.,2026-01-25,Dog Treats 500g,Unit,77,6.25,BATCH-21774,,INV-267381,
Northpoint Outlet,Express Distribution Co.,2026-02-01,Dog Treats 500g,Unit,44,7.8,BATCH-81608,,INV-229790,Quality checked and approved
Northpoint Outlet,Premium Grocers Supply,2026-01-01,Dog Treats 500g,Unit,100,7.49,BATCH-29437,,INV-418281,Seasonal inventory
Northpoint Outlet,Eco-Friendly Suppliers,2026-01-01,Dog Treats 500g,Unit,45,6.94,BATCH-82183,,INV-857537,Rush delivery
Eastgate Shopping Center,Regional Supply Chain,2026-01-15,Dog Treats 500g,Unit,44,6.33,BATCH-12640,,INV-578104,Quality checked and approved
Eastgate Shopping Center,Quality Foods Ltd.,2026-01-07,Dog Treats 500g,Unit,31,6.23,BATCH-48724,,INV-886774,Rush delivery
Westside Mall Branch,Prime Importers,2026-01-12,Cat Litter 5kg,Unit,38,9.5,BATCH-99307,,INV-383767,Seasonal inventory
Westside Mall Branch,Global Food Distributors,2025-11-19,Cat Litter 5kg,Unit,50,9.56,BATCH-26800,,INV-868682,
Eastgate Shopping Center,Bulk Foods Warehouse,2025-11-24,Cat Litter 5kg,Unit,33,10.31,BATCH-75611,,INV-139256,
Eastgate Shopping Center,Eco-Friendly Suppliers,2026-02-01,Cat Litter 5kg,Unit,51,11.53,BATCH-17516,,INV-648797,Promotional stock
Downtown Main Store,Eco-Friendly Suppliers,2025-12-05,Cat Litter 5kg,Unit,52,11.04,BATCH-41074,,INV-846209,Seasonal inventory
Downtown Main Store,Express Distribution Co.,2025-11-20,Cat Litter 5kg,Unit,43,11.07,BATCH-22073,,INV-350832,
Downtown Main Store,Premium Grocers Supply,2025-12-13,Cat Litter 5kg,Unit,72,11.57,BATCH-14588,,INV-615093,Rush delivery
South Bay Store,Express Distribution Co.,2025-12-31,Cat Litter 5kg,Unit,42,10.06,BATCH-23608,,INV-819993,
South Bay Store,Mega Suppliers Inc.,2026-01-23,Cat Litter 5kg,Unit,25,9.63,BATCH-25836,,INV-577659,
South Bay Store,Express Distribution Co.,2025-11-10,Cat Litter 5kg,Unit,62,10.71,BATCH-21881,,INV-294101,
Eastgate Shopping Center,Regional Supply Chain,2025-12-17,Pet Shampoo 500ml,Unit,24,8.45,BATCH-44088,,INV-432485,
Eastgate Shopping Center,Mega Suppliers Inc.,2025-11-28,Pet Shampoo 500ml,Unit,36,7.53,BATCH-20554,,INV-993428,Promotional stock
Eastgate Shopping Center,Prime Importers,2025-12-07,Pet Shampoo 500ml,Unit,22,7.76,BATCH-79149,,INV-813990,
Downtown Main Store,Premium Grocers Supply,2026-01-10,Pet Shampoo 500ml,Unit,33,9.02,BATCH-53000,,INV-106636,Rush delivery
Downtown Main Store,Express Distribution Co.,2025-12-20,Pet Shampoo 500ml,Unit,34,9.26,BATCH-64636,,INV-257891,
Downtown Main Store,Prime Importers,2025-11-18,Pet Shampoo 500ml,Unit,51,8.6,BATCH-40881,,INV-900669,Quality checked and approved
Northpoint Outlet,Premium Grocers Supply,2025-11-08,Pet Shampoo 500ml,Unit,15,7.37,BATCH-57563,,INV-694491,
South Bay Store,Regional Supply Chain,2025-12-06,Pet Shampoo 500ml,Unit,34,8.72,BATCH-12296,,INV-782018,Seasonal inventory
South Bay Store,Global Food Distributors,2026-01-24,Pet Shampoo 500ml,Unit,22,7.26,BATCH-45929,,INV-235138,
South Bay Store,Bulk Foods Warehouse,2025-12-19,Pet Shampoo 500ml,Unit,44,8.04,BATCH-90765,,INV-168913,
Northpoint Outlet,Eco-Friendly Suppliers,2025-12-18,AA Batteries 8-Pack,Unit,90,7.08,BATCH-62122,,INV-114595,Promotional stock
Northpoint Outlet,Mega Suppliers Inc.,2025-12-25,AA Batteries 8-Pack,Unit,103,6.31,BATCH-58341,,INV-233991,
Northpoint Outlet,Bulk Foods Warehouse,2026-01-12,AA Batteries 8-Pack,Unit,140,5.94,BATCH-45219,,INV-994167,
Westside Mall Branch,Global Food Distributors,2026-01-15,AA Batteries 8-Pack,Unit,64,5.76,BATCH-96551,,INV-187492,Quality checked and approved
South Bay Store,Global Food Distributors,2026-01-05,AA Batteries 8-Pack,Unit,140,5.71,BATCH-88357,,INV-753733,
South Bay Store,Eco-Friendly Suppliers,2025-11-18,AA Batteries 8-Pack,Unit,95,7.19,BATCH-43802,,INV-757668,Rush delivery
Eastgate Shopping Center,Quality Foods Ltd.,2026-01-21,AA Batteries 8-Pack,Unit,81,6.64,BATCH-20247,,INV-424812,Seasonal inventory
Eastgate Shopping Center,Prime Importers,2025-12-01,AA Batteries 8-Pack,Unit,127,6.61,BATCH-24400,,INV-782057,
Downtown Main Store,Prime Importers,2026-01-16,AA Batteries 8-Pack,Unit,131,6.91,BATCH-79008,,INV-968262,Quality checked and approved
Downtown Main Store,Regional Supply Chain,2026-01-21,AA Batteries 8-Pack,Unit,137,5.89,BATCH-49068,,INV-381809,Quality checked and approved
Eastgate Shopping Center,Bulk Foods Warehouse,2026-01-08,AAA Batteries 8-Pack,Unit,119,5.47,BATCH-28792,,INV-766228,
Downtown Main Store,Global Food Distributors,2026-01-02,AAA Batteries 8-Pack,Unit,38,6.42,BATCH-81732,,INV-900112,Quality checked and approved
Downtown Main Store,Regional Supply Chain,2025-11-17,AAA Batteries 8-Pack,Unit,106,6.63,BATCH-41955,,INV-474625,Promotional stock
Downtown Main Store,Bulk Foods Warehouse,2026-01-13,AAA Batteries 8-Pack,Unit,73,6.42,BATCH-49611,,INV-916593,Promotional stock
South Bay Store,Premium Grocers Supply,2025-11-20,AAA Batteries 8-Pack,Unit,106,6.44,BATCH-49889,,INV-531092,Promotional stock
South Bay Store,Global Food Distributors,2026-01-31,AAA Batteries 8-Pack,Unit,107,6.64,BATCH-22648,,INV-318476,
Westside Mall Branch,Premium Grocers Supply,2025-12-04,AAA Batteries 8-Pack,Unit,52,5.59,BATCH-63365,,INV-433081,Promotional stock
Westside Mall Branch,FreshFarm Wholesale Co.,2025-11-27,AAA Batteries 8-Pack,Unit,94,7.04,BATCH-20031,,INV-163643,Promotional stock
Westside Mall Branch,Express Distribution Co.,2025-11-10,USB Cable Type-C 1m,Unit,76,9.79,BATCH-40084,,INV-205650,Promotional stock
Westside Mall Branch,Premium Grocers Supply,2025-11-27,USB Cable Type-C 1m,Unit,62,9.9,BATCH-49410,,INV-497837,
Westside Mall Branch,Regional Supply Chain,2026-01-22,USB Cable Type-C 1m,Unit,92,9.99,BATCH-78870,,INV-691078,Quality checked and approved
Downtown Main Store,Bulk Foods Warehouse,2025-12-27,USB Cable Type-C 1m,Unit,55,9.46,BATCH-19945,,INV-165738,
Downtown Main Store,Bulk Foods Warehouse,2026-01-07,USB Cable Type-C 1m,Unit,71,8.56,BATCH-22091,,INV-532202,Rush delivery
Eastgate Shopping Center,Quality Foods Ltd.,2025-11-22,USB Cable Type-C 1m,Unit,67,9.04,BATCH-87266,,INV-963961,Promotional stock
Northpoint Outlet,Quality Foods Ltd.,2025-11-24,USB Cable Type-C 1m,Unit,96,9.27,BATCH-65644,,INV-957880,Rush delivery
Northpoint Outlet,Mega Suppliers Inc.,2025-11-12,USB Cable Type-C 1m,Unit,65,9.6,BATCH-60210,,INV-391938,
South Bay Store,Regional Supply Chain,2025-11-18,USB Cable Type-C 1m,Unit,30,9.93,BATCH-62197,,INV-373263,
South Bay Store,Eco-Friendly Suppliers,2026-01-19,USB Cable Type-C 1m,Unit,55,9.8,BATCH-74696,,INV-355447,Seasonal inventory
South Bay Store,FreshFarm Wholesale Co.,2026-02-01,USB Cable Type-C 1m,Unit,53,8.72,BATCH-94173,,INV-364597,Promotional stock
Eastgate Shopping Center,Express Distribution Co.,2025-12-07,Phone Charger 20W,Unit,71,15.68,BATCH-28474,,INV-500849,Quality checked and approved
Eastgate Shopping Center,Quality Foods Ltd.,2025-11-19,Phone Charger 20W,Unit,46,14.91,BATCH-15291,,INV-209139,
Westside Mall Branch,Global Food Distributors,2026-01-01,Phone Charger 20W,Unit,63,12.28,BATCH-23935,,INV-943877,
Westside Mall Branch,Quality Foods Ltd.,2026-01-07,Phone Charger 20W,Unit,76,15.15,BATCH-17736,,INV-674844,Seasonal inventory
Westside Mall Branch,Bulk Foods Warehouse,2026-01-07,Phone Charger 20W,Unit,69,13.7,BATCH-51901,,INV-142730,Quality checked and approved
South Bay Store,Prime Importers,2025-11-29,Phone Charger 20W,Unit,50,15.91,BATCH-84841,,INV-117887,
South Bay Store,Regional Supply Chain,2025-11-17,Phone Charger 20W,Unit,73,14.07,BATCH-97076,,INV-905963,
South Bay Store,FreshFarm Wholesale Co.,2026-01-10,Phone Charger 20W,Unit,38,14.49,BATCH-13330,,INV-509546,
Northpoint Outlet,Global Food Distributors,2025-12-04,Phone Charger 20W,Unit,44,14.49,BATCH-20846,,INV-469037,Seasonal inventory
Downtown Main Store,Eco-Friendly Suppliers,2025-11-20,Phone Charger 20W,Unit,83,14.27,BATCH-58761,,INV-901661,Quality checked and approved
Downtown Main Store,Mega Suppliers Inc.,2025-11-20,Phone Charger 20W,Unit,53,15.34,BATCH-86011,,INV-251030,
Northpoint Outlet,Mega Suppliers Inc.,2025-12-15,Earbuds Wireless,Unit,18,35.05,BATCH-84778,,INV-305243,
Northpoint Outlet,Prime Importers,2025-11-23,Earbuds Wireless,Unit,55,37.3,BATCH-75606,,INV-234421,
Northpoint Outlet,Quality Foods Ltd.,2025-12-03,Earbuds Wireless,Unit,56,32.17,BATCH-72095,,INV-175027,Quality checked and approved
Downtown Main Store,Premium Grocers Supply,2025-11-14,Earbuds Wireless,Unit,23,32.93,BATCH-91920,,INV-517043,Promotional stock
Downtown Main Store,Quality Foods Ltd.,2025-11-16,Earbuds Wireless,Unit,46,39.7,BATCH-94225,,INV-692512,Rush delivery
Downtown Main Store,Express Distribution Co.,2025-12-25,Earbuds Wireless,Unit,54,31.45,BATCH-90166,,INV-656474,
South Bay Store,Regional Supply Chain,2025-12-19,Earbuds Wireless,Unit,29,31.07,BATCH-42782,,INV-916015,Quality checked and approved
South Bay Store,Regional Supply Chain,2025-12-25,Earbuds Wireless,Unit,17,36.49,BATCH-89054,,INV-616807,Quality checked and approved
Eastgate Shopping Center,Express Distribution Co.,2025-11-29,Earbuds Wireless,Unit,24,35.05,BATCH-98359,,INV-254322,Rush delivery
Westside Mall Branch,Express Distribution Co.,2025-11-22,Earbuds Wireless,Unit,46,31.78,BATCH-15570,,INV-465292,Promotional stock
Westside Mall Branch,Regional Supply Chain,2026-01-22,LED Light Bulb 10W,Unit,50,4.49,BATCH-96798,,INV-138140,Promotional stock
Westside Mall Branch,Quality Foods Ltd.,2026-01-24,LED Light Bulb 10W,Unit,123,5.08,BATCH-55740,,INV-713255,
Westside Mall Branch,Regional Supply Chain,2025-12-10,LED Light Bulb 10W,Unit,67,4.26,BATCH-38990,,INV-970370,
South Bay Store,Prime Importers,2025-12-13,LED Light Bulb 10W,Unit,103,5.11,BATCH-81438,,INV-177400,Rush delivery
South Bay Store,Regional Supply Chain,2026-02-02,LED Light Bulb 10W,Unit,118,4.62,BATCH-45522,,INV-572474,
South Bay Store,FreshFarm Wholesale Co.,2025-11-28,LED Light Bulb 10W,Unit,65,4.46,BATCH-88829,,INV-105846,
Downtown Main Store,Global Food Distributors,2025-11-26,LED Light Bulb 10W,Unit,47,5.03,BATCH-30005,,INV-155065,Rush delivery
Downtown Main Store,Prime Importers,2025-11-17,LED Light Bulb 10W,Unit,48,5.33,BATCH-60120,,INV-858864,
Northpoint Outlet,Quality Foods Ltd.,2025-12-08,LED Light Bulb 10W,Unit,102,4.34,BATCH-94601,,INV-150291,
Eastgate Shopping Center,Global Food Distributors,2026-01-10,LED Light Bulb 10W,Unit,46,4.48,BATCH-77416,,INV-464397,Quality checked and approved
Eastgate Shopping Center,FreshFarm Wholesale Co.,2026-01-19,LED Light Bulb 10W,Unit,128,4.97,BATCH-53660,,INV-406828,Promotional stock
Eastgate Shopping Center,Global Food Distributors,2026-01-21,LED Light Bulb 10W,Unit,132,5.38,BATCH-96187,,INV-502329,Promotional stock
Northpoint Outlet,Express Distribution Co.,2025-12-22,Extension Cord 3m,Unit,63,10,BATCH-46295,,INV-967018,
Westside Mall Branch,Regional Supply Chain,2026-01-13,Extension Cord 3m,Unit,52,9.04,BATCH-43316,,INV-324310,Seasonal inventory
Westside Mall Branch,Global Food Distributors,2025-12-14,Extension Cord 3m,Unit,32,10.49,BATCH-96795,,INV-683848,Rush delivery
Downtown Main Store,Prime Importers,2026-01-21,Extension Cord 3m,Unit,53,9.52,BATCH-24843,,INV-651294,Seasonal inventory
South Bay Store,Mega Suppliers Inc.,2025-11-10,Extension Cord 3m,Unit,48,9.18,BATCH-84195,,INV-782697,
Eastgate Shopping Center,Global Food Distributors,2026-01-23,Ballpoint Pens 10-Pack,Unit,174,4.63,BATCH-34823,,INV-662398,Promotional stock
Northpoint Outlet,Mega Suppliers Inc.,2026-01-20,Ballpoint Pens 10-Pack,Unit,136,4.56,BATCH-50099,,INV-727794,
Northpoint Outlet,Premium Grocers Supply,2025-12-05,Ballpoint Pens 10-Pack,Unit,119,4.3,BATCH-58386,,INV-676729,Seasonal inventory
Northpoint Outlet,Mega Suppliers Inc.,2025-12-12,Ballpoint Pens 10-Pack,Unit,95,3.94,BATCH-25740,,INV-142108,
Downtown Main Store,FreshFarm Wholesale Co.,2025-11-26,Ballpoint Pens 10-Pack,Unit,135,4.2,BATCH-58042,,INV-322863,Quality checked and approved
Westside Mall Branch,Prime Importers,2025-12-27,Ballpoint Pens 10-Pack,Unit,58,3.97,BATCH-39977,,INV-352310,Quality checked and approved
Westside Mall Branch,Express Distribution Co.,2025-12-08,Ballpoint Pens 10-Pack,Unit,68,4.22,BATCH-14716,,INV-644719,Quality checked and approved
Westside Mall Branch,Global Food Distributors,2025-12-02,Ballpoint Pens 10-Pack,Unit,65,4.52,BATCH-57397,,INV-229670,Quality checked and approved
South Bay Store,Premium Grocers Supply,2025-12-27,Ballpoint Pens 10-Pack,Unit,170,4.55,BATCH-15109,,INV-324109,Seasonal inventory
South Bay Store,Regional Supply Chain,2025-11-18,Ballpoint Pens 10-Pack,Unit,79,3.74,BATCH-89933,,INV-253173,Promotional stock
Westside Mall Branch,FreshFarm Wholesale Co.,2025-12-11,Notebooks A5 3-Pack,Unit,119,5.62,BATCH-54943,,INV-822942,
Westside Mall Branch,Bulk Foods Warehouse,2026-02-02,Notebooks A5 3-Pack,Unit,126,6.36,BATCH-86142,,INV-447479,
Westside Mall Branch,Prime Importers,2026-01-14,Notebooks A5 3-Pack,Unit,74,5.88,BATCH-82311,,INV-571261,
Downtown Main Store,Premium Grocers Supply,2025-11-14,Notebooks A5 3-Pack,Unit,51,5.82,BATCH-86825,,INV-872501,
Northpoint Outlet,Premium Grocers Supply,2026-02-02,Notebooks A5 3-Pack,Unit,132,6.36,BATCH-96778,,INV-952815,
Northpoint Outlet,Prime Importers,2025-12-04,Notebooks A5 3-Pack,Unit,40,7.1,BATCH-94897,,INV-644430,
Northpoint Outlet,Eco-Friendly Suppliers,2026-01-01,Notebooks A5 3-Pack,Unit,53,6.44,BATCH-13273,,INV-402318,
South Bay Store,FreshFarm Wholesale Co.,2025-12-06,Notebooks A5 3-Pack,Unit,45,6.19,BATCH-58134,,INV-770735,Rush delivery
South Bay Store,Express Distribution Co.,2025-11-07,Notebooks A5 3-Pack,Unit,119,5.87,BATCH-59699,,INV-478355,
South Bay Store,Global Food Distributors,2025-11-12,Notebooks A5 3-Pack,Unit,49,6.97,BATCH-87275,,INV-719861,
Eastgate Shopping Center,Bulk Foods Warehouse,2026-01-11,Notebooks A5 3-Pack,Unit,46,6.13,BATCH-57282,,INV-498776,Promotional stock
Eastgate Shopping Center,Global Food Distributors,2026-01-24,Notebooks A5 3-Pack,Unit,76,6.5,BATCH-58681,,INV-379198,Rush delivery
Eastgate Shopping Center,Mega Suppliers Inc.,2026-01-19,Notebooks A5 3-Pack,Unit,99,6.81,BATCH-38714,,INV-261915,Promotional stock
Westside Mall Branch,Regional Supply Chain,2026-01-07,Sticky Notes 400-Sheets,Unit,101,3.66,BATCH-82545,,INV-574027,Rush delivery
Westside Mall Branch,Regional Supply Chain,2025-11-09,Sticky Notes 400-Sheets,Unit,88,3.61,BATCH-72297,,INV-149847,
Westside Mall Branch,Premium Grocers Supply,2026-01-08,Sticky Notes 400-Sheets,Unit,32,3.38,BATCH-98230,,INV-188525,Quality checked and approved
Northpoint Outlet,Premium Grocers Supply,2026-02-01,Sticky Notes 400-Sheets,Unit,104,3.54,BATCH-49572,,INV-862335,
Northpoint Outlet,Express Distribution Co.,2025-11-05,Sticky Notes 400-Sheets,Unit,35,3.3,BATCH-77984,,INV-475422,
Eastgate Shopping Center,Mega Suppliers Inc.,2025-11-27,Sticky Notes 400-Sheets,Unit,41,3.45,BATCH-68262,,INV-369516,Quality checked and approved
Eastgate Shopping Center,Global Food Distributors,2025-12-27,Sticky Notes 400-Sheets,Unit,63,3.44,BATCH-75700,,INV-281428,Seasonal inventory
Eastgate Shopping Center,Eco-Friendly Suppliers,2026-02-01,Sticky Notes 400-Sheets,Unit,62,3.98,BATCH-72587,,INV-923593,Quality checked and approved
South Bay Store,Eco-Friendly Suppliers,2025-11-23,Sticky Notes 400-Sheets,Unit,83,3.47,BATCH-36541,,INV-417666,Quality checked and approved
South Bay Store,Quality Foods Ltd.,2025-12-16,Sticky Notes 400-Sheets,Unit,32,3.75,BATCH-94121,,INV-849137,Promotional stock
South Bay Store,Quality Foods Ltd.,2025-12-29,Sticky Notes 400-Sheets,Unit,38,3.39,BATCH-84741,,INV-291881,Rush delivery
Downtown Main Store,Prime Importers,2026-01-16,Sticky Notes 400-Sheets,Unit,66,3.21,BATCH-97817,,INV-233235,Seasonal inventory
Westside Mall Branch,Global Food Distributors,2025-12-19,Highlighters 6-Pack,Unit,70,5.3,BATCH-29448,,INV-500275,
Eastgate Shopping Center,Regional Supply Chain,2025-12-22,Highlighters 6-Pack,Unit,74,4.5,BATCH-27061,,INV-299065,
Eastgate Shopping Center,Mega Suppliers Inc.,2026-01-04,Highlighters 6-Pack,Unit,84,4.95,BATCH-21748,,INV-859265,Rush delivery
Eastgate Shopping Center,FreshFarm Wholesale Co.,2025-12-26,Highlighters 6-Pack,Unit,85,4.74,BATCH-21017,,INV-255297,
Downtown Main Store,Quality Foods Ltd.,2026-01-15,Highlighters 6-Pack,Unit,61,4.84,BATCH-23426,,INV-407589,
South Bay Store,Eco-Friendly Suppliers,2026-01-25,Highlighters 6-Pack,Unit,67,4.78,BATCH-86173,,INV-987381,
South Bay Store,FreshFarm Wholesale Co.,2026-01-23,Highlighters 6-Pack,Unit,114,5.31,BATCH-38431,,INV-158758,Rush delivery
Westside Mall Branch,Mega Suppliers Inc.,2026-01-16,Stapler with Staples,Unit,57,5.07,BATCH-34720,,INV-167938,Seasonal inventory
Westside Mall Branch,Quality Foods Ltd.,2025-11-14,Stapler with Staples,Unit,77,6.38,BATCH-22285,,INV-296611,Quality checked and approved
Westside Mall Branch,Prime Importers,2025-12-22,Stapler with Staples,Unit,53,5.67,BATCH-19575,,INV-606416,Quality checked and approved
Downtown Main Store,Premium Grocers Supply,2026-01-03,Stapler with Staples,Unit,57,6.16,BATCH-81228,,INV-727458,Rush delivery
Northpoint Outlet,Premium Grocers Supply,2025-12-24,Stapler with Staples,Unit,71,5.51,BATCH-61655,,INV-443853,
Northpoint Outlet,Prime Importers,2026-01-06,Stapler with Staples,Unit,45,5.74,BATCH-74984,,INV-496116,Seasonal inventory
Downtown Main Store,Express Distribution Co.,2026-01-25,Scissors 8-inch,Unit,94,4.28,BATCH-48942,,INV-645002,Rush delivery
Downtown Main Store,FreshFarm Wholesale Co.,2025-11-19,Scissors 8-inch,Unit,57,3.54,BATCH-95424,,INV-981759,
Westside Mall Branch,Express Distribution Co.,2026-01-23,Scissors 8-inch,Unit,59,3.55,BATCH-38164,,INV-602807,Quality checked and approved
Eastgate Shopping Center,Bulk Foods Warehouse,2025-12-21,Scissors 8-inch,Unit,72,3.89,BATCH-89289,,INV-939108,Rush delivery
Eastgate Shopping Center,Premium Grocers Supply,2026-01-11,Scissors 8-inch,Unit,91,3.92,BATCH-35467,,INV-342904,
Eastgate Shopping Center,Mega Suppliers Inc.,2026-01-25,Scissors 8-inch,Unit,91,3.57,BATCH-77301,,INV-322365,
Northpoint Outlet,Quality Foods Ltd.,2025-12-10,Scissors 8-inch,Unit,30,3.41,BATCH-47370,,INV-132792,Quality checked and approved
Northpoint Outlet,Express Distribution Co.,2025-11-20,Scissors 8-inch,Unit,48,4.07,BATCH-87796,,INV-831946,Promotional stock
Northpoint Outlet,Express Distribution Co.,2026-01-29,Scissors 8-inch,Unit,53,4.34,BATCH-95280,,INV-910103,
South Bay Store,Express Distribution Co.,2025-11-11,Scissors 8-inch,Unit,43,4.38,BATCH-70047,,INV-463693,Rush delivery
South Bay Store,Global Food Distributors,2025-12-20,Scissors 8-inch,Unit,67,3.81,BATCH-20457,,INV-217007,
Eastgate Shopping Center,Bulk Foods Warehouse,2026-01-26,Tape Dispenser with Tape,Unit,80,4.53,BATCH-86889,,INV-711195,Quality checked and approved
Downtown Main Store,Bulk Foods Warehouse,2025-11-27,Tape Dispenser with Tape,Unit,74,4.73,BATCH-58252,,INV-753462,
Downtown Main Store,Eco-Friendly Suppliers,2025-11-10,Tape Dispenser with Tape,Unit,33,4.76,BATCH-62503,,INV-414857,
South Bay Store,Eco-Friendly Suppliers,2025-12-07,Tape Dispenser with Tape,Unit,69,4.37,BATCH-31206,,INV-554774,
South Bay Store,Global Food Distributors,2025-12-24,Tape Dispenser with Tape,Unit,74,4.77,BATCH-21897,,INV-410981,
Westside Mall Branch,FreshFarm Wholesale Co.,2026-01-14,Tape Dispenser with Tape,Unit,57,4.76,BATCH-37262,,INV-130367,
Downtown Main Store,Global Food Distributors,2026-01-14,File Folders 25-Pack,Unit,68,6.73,BATCH-64763,,INV-473918,Quality checked and approved
Westside Mall Branch,Premium Grocers Supply,2026-01-06,File Folders 25-Pack,Unit,70,6.52,BATCH-10162,,INV-406320,Seasonal inventory
Westside Mall Branch,Bulk Foods Warehouse,2026-01-21,File Folders 25-Pack,Unit,53,6.14,BATCH-26688,,INV-281738,Seasonal inventory
South Bay Store,Global Food Distributors,2026-01-13,File Folders 25-Pack,Unit,59,6.23,BATCH-29543,,INV-473300,Quality checked and approved
South Bay Store,FreshFarm Wholesale Co.,2026-01-05,File Folders 25-Pack,Unit,70,7,BATCH-40399,,INV-810066,Seasonal inventory
South Bay Store,Express Distribution Co.,2025-11-08,File Folders 25-Pack,Unit,44,7.59,BATCH-53773,,INV-581412,Quality checked and approved
Northpoint Outlet,Mega Suppliers Inc.,2026-01-16,File Folders 25-Pack,Unit,20,6.77,BATCH-72234,,INV-726800,Rush delivery
Northpoint Outlet,FreshFarm Wholesale Co.,2025-11-27,File Folders 25-Pack,Unit,45,7.67,BATCH-31317,,INV-841270,Rush delivery
Northpoint Outlet,Eco-Friendly Suppliers,2025-12-13,File Folders 25-Pack,Unit,26,6.75,BATCH-98701,,INV-467108,Quality checked and approved
Downtown Main Store,Mega Suppliers Inc.,2026-01-04,Markers 12-Pack,Unit,80,6.01,BATCH-60031,,INV-576620,
Downtown Main Store,Bulk Foods Warehouse,2025-12-04,Markers 12-Pack,Unit,92,6.34,BATCH-93305,,INV-681727,Promotional stock
Downtown Main Store,Eco-Friendly Suppliers,2025-12-10,Markers 12-Pack,Unit,72,5.88,BATCH-10560,,INV-559953,Promotional stock
Westside Mall Branch,Regional Supply Chain,2025-12-23,Markers 12-Pack,Unit,59,6.95,BATCH-67846,,INV-131435,Seasonal inventory
Westside Mall Branch,Bulk Foods Warehouse,2025-11-18,Markers 12-Pack,Unit,38,7.11,BATCH-43567,,INV-136633,Rush delivery
Northpoint Outlet,Regional Supply Chain,2025-11-27,Markers 12-Pack,Unit,105,7.15,BATCH-28123,,INV-354604,Promotional stock
Northpoint Outlet,Regional Supply Chain,2025-12-18,Markers 12-Pack,Unit,32,6.43,BATCH-50837,,INV-156796,Quality checked and approved
South Bay Store,Mega Suppliers Inc.,2025-12-26,Markers 12-Pack,Unit,101,6.63,BATCH-51601,,INV-640755,Rush delivery
Eastgate Shopping Center,FreshFarm Wholesale Co.,2025-11-26,Markers 12-Pack,Unit,64,6.98,BATCH-15096,,INV-204535,
Northpoint Outlet,Global Food Distributors,2026-01-12,Pencils 12-Pack,Unit,135,3.35,BATCH-43224,,INV-122204,Seasonal inventory
Northpoint Outlet,Mega Suppliers Inc.,2025-11-13,Pencils 12-Pack,Unit,147,3.13,BATCH-37903,,INV-891646,Rush delivery
South Bay Store,Prime Importers,2025-12-13,Pencils 12-Pack,Unit,131,3.13,BATCH-34123,,INV-711526,Quality checked and approved
South Bay Store,Prime Importers,2025-11-14,Pencils 12-Pack,Unit,84,3.64,BATCH-10575,,INV-394562,
South Bay Store,Mega Suppliers Inc.,2025-12-11,Pencils 12-Pack,Unit,154,3.66,BATCH-77848,,INV-124794,
Westside Mall Branch,Bulk Foods Warehouse,2025-12-24,Pencils 12-Pack,Unit,150,3.61,BATCH-36094,,INV-201876,Quality checked and approved
Westside Mall Branch,Global Food Distributors,2026-01-09,Pencils 12-Pack,Unit,147,3.15,BATCH-31358,,INV-463149,Promotional stock
Eastgate Shopping Center,Bulk Foods Warehouse,2025-11-29,Pencils 12-Pack,Unit,64,3.85,BATCH-66897,,INV-153443,
Eastgate Shopping Center,Quality Foods Ltd.,2026-01-30,T-Shirt Cotton White M,Unit,75,9.91,BATCH-28648,,INV-597437,Promotional stock
Eastgate Shopping Center,Mega Suppliers Inc.,2025-12-03,T-Shirt Cotton White M,Unit,80,10.81,BATCH-70022,,INV-187734,
Northpoint Outlet,Global Food Distributors,2026-01-04,T-Shirt Cotton White M,Unit,60,9.11,BATCH-84478,,INV-721640,Rush delivery
Westside Mall Branch,Eco-Friendly Suppliers,2025-12-08,T-Shirt Cotton White M,Unit,73,11.58,BATCH-82086,,INV-513971,
Westside Mall Branch,Quality Foods Ltd.,2025-12-16,T-Shirt Cotton White M,Unit,55,9.9,BATCH-45808,,INV-911150,
Westside Mall Branch,FreshFarm Wholesale Co.,2025-11-28,T-Shirt Cotton White M,Unit,62,10.36,BATCH-95589,,INV-421926,Promotional stock
South Bay Store,Prime Importers,2026-02-02,T-Shirt Cotton Black L,Unit,32,10.65,BATCH-26712,,INV-526597,Quality checked and approved
South Bay Store,Regional Supply Chain,2025-11-19,T-Shirt Cotton Black L,Unit,30,10.54,BATCH-22010,,INV-139917,Rush delivery
Eastgate Shopping Center,Prime Importers,2026-01-27,T-Shirt Cotton Black L,Unit,89,11.77,BATCH-21371,,INV-306332,Seasonal inventory
Downtown Main Store,Global Food Distributors,2025-11-09,T-Shirt Cotton Black L,Unit,58,10.59,BATCH-33934,,INV-107969,
Downtown Main Store,Bulk Foods Warehouse,2026-01-04,T-Shirt Cotton Black L,Unit,42,10.68,BATCH-70408,,INV-688564,
Downtown Main Store,Eco-Friendly Suppliers,2025-12-16,T-Shirt Cotton Black L,Unit,87,11.27,BATCH-18227,,INV-319228,
Northpoint Outlet,Express Distribution Co.,2025-12-07,T-Shirt Cotton Black L,Unit,105,11.61,BATCH-20464,,INV-154111,Promotional stock
Westside Mall Branch,Global Food Distributors,2026-01-15,T-Shirt Cotton Black L,Unit,46,11.97,BATCH-67211,,INV-829083,Promotional stock
Westside Mall Branch,Mega Suppliers Inc.,2026-01-02,T-Shirt Cotton Black L,Unit,40,10.56,BATCH-53069,,INV-419558,Seasonal inventory
Downtown Main Store,Global Food Distributors,2025-12-01,Jeans Blue Size 32,Unit,70,30.39,BATCH-69183,,INV-388815,Promotional stock
Downtown Main Store,Quality Foods Ltd.,2026-01-21,Jeans Blue Size 32,Unit,30,28.75,BATCH-91582,,INV-721442,
Eastgate Shopping Center,Global Food Distributors,2026-01-02,Jeans Blue Size 32,Unit,59,31.72,BATCH-64357,,INV-231352,Rush delivery
Eastgate Shopping Center,Global Food Distributors,2026-01-21,Jeans Blue Size 32,Unit,48,25.34,BATCH-19480,,INV-179003,Promotional stock
Eastgate Shopping Center,Premium Grocers Supply,2026-01-21,Jeans Blue Size 32,Unit,34,31.55,BATCH-42277,,INV-643661,Promotional stock
South Bay Store,FreshFarm Wholesale Co.,2025-11-30,Jeans Blue Size 32,Unit,29,30.35,BATCH-73478,,INV-281005,Seasonal inventory
South Bay Store,Express Distribution Co.,2025-12-18,Jeans Blue Size 32,Unit,54,27.23,BATCH-14289,,INV-366679,
South Bay Store,Express Distribution Co.,2026-01-07,Jeans Blue Size 32,Unit,56,26.84,BATCH-36474,,INV-356266,Promotional stock
South Bay Store,Global Food Distributors,2025-11-08,Hoodie Gray L,Unit,54,27.4,BATCH-43814,,INV-641909,Rush delivery
South Bay Store,Eco-Friendly Suppliers,2026-01-22,Hoodie Gray L,Unit,29,27.97,BATCH-54468,,INV-539176,
South Bay Store,Mega Suppliers Inc.,2025-12-16,Hoodie Gray L,Unit,47,25.22,BATCH-63925,,INV-261040,Seasonal inventory
Northpoint Outlet,Quality Foods Ltd.,2025-11-06,Hoodie Gray L,Unit,25,27.81,BATCH-83395,,INV-392739,Rush delivery
Northpoint Outlet,Premium Grocers Supply,2025-11-28,Hoodie Gray L,Unit,36,24.17,BATCH-42730,,INV-113390,Promotional stock
Northpoint Outlet,Regional Supply Chain,2026-02-01,Hoodie Gray L,Unit,78,22.01,BATCH-29416,,INV-276316,Promotional stock
Downtown Main Store,FreshFarm Wholesale Co.,2026-01-25,Hoodie Gray L,Unit,55,26.82,BATCH-74782,,INV-304881,Rush delivery
Downtown Main Store,Mega Suppliers Inc.,2025-12-29,Hoodie Gray L,Unit,36,23.27,BATCH-22982,,INV-262362,Rush delivery
Eastgate Shopping Center,FreshFarm Wholesale Co.,2025-12-14,Hoodie Gray L,Unit,32,27.6,BATCH-43340,,INV-254546,
Eastgate Shopping Center,Bulk Foods Warehouse,2025-12-25,Hoodie Gray L,Unit,71,27.26,BATCH-82895,,INV-190171,Seasonal inventory
Northpoint Outlet,Prime Importers,2025-12-23,Dress Shirt White M,Unit,21,22.59,BATCH-86597,,INV-583075,Quality checked and approved
Northpoint Outlet,Eco-Friendly Suppliers,2025-12-03,Dress Shirt White M,Unit,47,19.91,BATCH-31178,,INV-631181,
South Bay Store,Quality Foods Ltd.,2025-12-02,Dress Shirt White M,Unit,51,20.68,BATCH-11086,,INV-965909,
South Bay Store,Express Distribution Co.,2025-12-20,Dress Shirt White M,Unit,32,18.84,BATCH-92829,,INV-402032,Rush delivery
South Bay Store,Express Distribution Co.,2025-11-09,Dress Shirt White M,Unit,40,22.58,BATCH-29654,,INV-200533,Quality checked and approved
Eastgate Shopping Center,Mega Suppliers Inc.,2026-01-18,Dress Shirt White M,Unit,41,22.75,BATCH-55109,,INV-603690,Quality checked and approved
Downtown Main Store,Eco-Friendly Suppliers,2026-02-02,Dress Black Size 8,Unit,53,36.69,BATCH-72830,,INV-982971,Promotional stock
Northpoint Outlet,Premium Grocers Supply,2025-12-12,Dress Black Size 8,Unit,36,38.39,BATCH-14928,,INV-144193,
Northpoint Outlet,Premium Grocers Supply,2026-01-12,Dress Black Size 8,Unit,27,30.96,BATCH-98061,,INV-192791,Rush delivery
Northpoint Outlet,Eco-Friendly Suppliers,2026-02-01,Dress Black Size 8,Unit,47,32.15,BATCH-34377,,INV-486328,Rush delivery
South Bay Store,Express Distribution Co.,2025-12-06,Dress Black Size 8,Unit,18,31.15,BATCH-76950,,INV-226135,
Eastgate Shopping Center,Quality Foods Ltd.,2025-12-14,Dress Black Size 8,Unit,55,35.32,BATCH-51501,,INV-295579,Promotional stock
Eastgate Shopping Center,Premium Grocers Supply,2025-11-25,Dress Black Size 8,Unit,46,31.05,BATCH-86375,,INV-163405,
Eastgate Shopping Center,Quality Foods Ltd.,2026-01-26,Blouse White M,Unit,50,17.1,BATCH-85407,,INV-611448,Seasonal inventory
South Bay Store,Global Food Distributors,2025-11-12,Blouse White M,Unit,37,17.88,BATCH-57057,,INV-577654,Rush delivery
South Bay Store,Eco-Friendly Suppliers,2026-01-17,Blouse White M,Unit,73,17.02,BATCH-16497,,INV-702673,
South Bay Store,Quality Foods Ltd.,2025-11-20,Blouse White M,Unit,47,19.56,BATCH-12026,,INV-813312,
Westside Mall Branch,Regional Supply Chain,2025-12-08,Blouse White M,Unit,25,17.5,BATCH-26578,,INV-231264,Seasonal inventory
Westside Mall Branch,Mega Suppliers Inc.,2025-11-11,Blouse White M,Unit,46,19.29,BATCH-78273,,INV-225623,
Downtown Main Store,Premium Grocers Supply,2025-12-12,Blouse White M,Unit,32,19.01,BATCH-32735,,INV-938370,Seasonal inventory
Downtown Main Store,Express Distribution Co.,2025-12-04,Blouse White M,Unit,68,16.88,BATCH-64230,,INV-234091,Quality checked and approved
Downtown Main Store,Eco-Friendly Suppliers,2025-12-27,Blouse White M,Unit,26,15.92,BATCH-62915,,INV-942827,Promotional stock
Northpoint Outlet,Bulk Foods Warehouse,2025-12-31,Blouse White M,Unit,72,17.12,BATCH-67751,,INV-136157,Quality checked and approved
Westside Mall Branch,Express Distribution Co.,2025-12-06,Leggings Black S,Unit,70,13.5,BATCH-63823,,INV-950772,
Westside Mall Branch,Eco-Friendly Suppliers,2025-11-21,Leggings Black S,Unit,68,12.38,BATCH-41591,,INV-897518,Rush delivery
Westside Mall Branch,Premium Grocers Supply,2025-12-05,Leggings Black S,Unit,60,13.7,BATCH-65025,,INV-438869,Promotional stock
Downtown Main Store,Mega Suppliers Inc.,2025-11-09,Leggings Black S,Unit,35,12.42,BATCH-37410,,INV-867068,Seasonal inventory
Northpoint Outlet,Eco-Friendly Suppliers,2025-11-14,Leggings Black S,Unit,75,13.08,BATCH-93296,,INV-999453,Rush delivery
Northpoint Outlet,Mega Suppliers Inc.,2026-01-11,Leggings Black S,Unit,71,13.74,BATCH-22181,,INV-484350,
Northpoint Outlet,Mega Suppliers Inc.,2025-12-15,Leggings Black S,Unit,34,14.31,BATCH-51052,,INV-722012,Promotional stock
Eastgate Shopping Center,Express Distribution Co.,2026-01-06,Leggings Black S,Unit,39,15.99,BATCH-94207,,INV-289130,
Eastgate Shopping Center,Mega Suppliers Inc.,2025-12-22,Leggings Black S,Unit,79,14.04,BATCH-20519,,INV-109839,Promotional stock
Westside Mall Branch,Prime Importers,2025-11-13,Sneakers White Size 9,Unit,68,38.48,BATCH-27015,,INV-848830,Rush delivery
Westside Mall Branch,Quality Foods Ltd.,2025-11-27,Sneakers White Size 9,Unit,54,40.44,BATCH-42148,,INV-382697,
Westside Mall Branch,Quality Foods Ltd.,2025-11-30,Sneakers White Size 9,Unit,33,38.36,BATCH-85608,,INV-203552,
South Bay Store,Global Food Distributors,2026-01-06,Sneakers White Size 9,Unit,66,45.93,BATCH-18843,,INV-759579,
Eastgate Shopping Center,Regional Supply Chain,2025-12-25,Sneakers White Size 9,Unit,39,45.72,BATCH-35882,,INV-229031,
Northpoint Outlet,Bulk Foods Warehouse,2026-01-11,Sneakers White Size 9,Unit,66,47.31,BATCH-17094,,INV-182666,Seasonal inventory
Northpoint Outlet,Premium Grocers Supply,2025-11-08,Sneakers White Size 9,Unit,63,46.37,BATCH-81424,,INV-924522,Promotional stock
Northpoint Outlet,Express Distribution Co.,2025-11-29,Sneakers White Size 9,Unit,21,36.99,BATCH-43938,,INV-909078,Quality checked and approved
Downtown Main Store,Global Food Distributors,2025-12-07,Sneakers White Size 9,Unit,29,47.09,BATCH-41671,,INV-115711,
Downtown Main Store,Mega Suppliers Inc.,2025-11-12,Sneakers White Size 9,Unit,68,44.95,BATCH-50960,,INV-185360,
Downtown Main Store,Express Distribution Co.,2026-01-01,Running Shoes Black Size 10,Unit,32,47.04,BATCH-20140,,INV-140637,Quality checked and approved
Downtown Main Store,Express Distribution Co.,2025-11-19,Running Shoes Black Size 10,Unit,36,45.21,BATCH-99402,,INV-663695,Promotional stock
Eastgate Shopping Center,Eco-Friendly Suppliers,2025-12-04,Running Shoes Black Size 10,Unit,69,50.16,BATCH-13052,,INV-334398,Quality checked and approved
Eastgate Shopping Center,Prime Importers,2026-01-03,Running Shoes Black Size 10,Unit,59,52.15,BATCH-62432,,INV-929952,
Eastgate Shopping Center,Quality Foods Ltd.,2025-12-09,Running Shoes Black Size 10,Unit,37,48.44,BATCH-63138,,INV-527387,
South Bay Store,Bulk Foods Warehouse,2026-01-30,Running Shoes Black Size 10,Unit,21,42.69,BATCH-32868,,INV-954052,
South Bay Store,Prime Importers,2025-11-09,Running Shoes Black Size 10,Unit,66,50.85,BATCH-44304,,INV-266191,
Downtown Main Store,Mega Suppliers Inc.,2025-12-26,Socks Cotton 6-Pack,Unit,68,9.9,BATCH-36659,,INV-356356,
Downtown Main Store,Regional Supply Chain,2026-01-20,Socks Cotton 6-Pack,Unit,91,9.72,BATCH-48630,,INV-744413,Promotional stock
Eastgate Shopping Center,Eco-Friendly Suppliers,2025-11-23,Socks Cotton 6-Pack,Unit,112,7.8,BATCH-82176,,INV-954193,
Westside Mall Branch,Premium Grocers Supply,2025-12-03,Socks Cotton 6-Pack,Unit,95,9.64,BATCH-92876,,INV-957848,
Westside Mall Branch,FreshFarm Wholesale Co.,2025-12-31,Socks Cotton 6-Pack,Unit,55,9.23,BATCH-89868,,INV-876928,
South Bay Store,Premium Grocers Supply,2025-11-16,Socks Cotton 6-Pack,Unit,114,10.34,BATCH-73540,,INV-905504,Rush delivery
South Bay Store,Premium Grocers Supply,2025-12-21,Socks Cotton 6-Pack,Unit,121,10.32,BATCH-38088,,INV-680608,Seasonal inventory
Northpoint Outlet,Premium Grocers Supply,2025-11-15,Baseball Cap Black,Unit,28,13.72,BATCH-73739,,INV-997726,Promotional stock
Northpoint Outlet,FreshFarm Wholesale Co.,2025-12-13,Baseball Cap Black,Unit,29,12.78,BATCH-68579,,INV-186109,Rush delivery
Downtown Main Store,FreshFarm Wholesale Co.,2025-12-24,Baseball Cap Black,Unit,45,12.35,BATCH-40962,,INV-864163,
Downtown Main Store,Prime Importers,2025-12-02,Baseball Cap Black,Unit,32,14.14,BATCH-12317,,INV-845004,Seasonal inventory
Downtown Main Store,FreshFarm Wholesale Co.,2025-11-21,Baseball Cap Black,Unit,61,15.18,BATCH-26760,,INV-322793,Rush delivery
Westside Mall Branch,Bulk Foods Warehouse,2025-11-18,Baseball Cap Black,Unit,82,11.43,BATCH-81655,,INV-535512,Seasonal inventory
Westside Mall Branch,Quality Foods Ltd.,2026-01-17,Baseball Cap Black,Unit,68,13.8,BATCH-10862,,INV-581928,
Westside Mall Branch,Mega Suppliers Inc.,2025-12-14,Baseball Cap Black,Unit,40,11.72,BATCH-79560,,INV-488773,Quality checked and approved
South Bay Store,Global Food Distributors,2026-01-11,Baseball Cap Black,Unit,49,12.76,BATCH-87749,,INV-507122,Seasonal inventory
South Bay Store,Eco-Friendly Suppliers,2025-12-23,Winter Scarf Wool,Unit,45,16.89,BATCH-84877,,INV-940493,
Westside Mall Branch,Prime Importers,2025-12-31,Winter Scarf Wool,Unit,58,17.68,BATCH-73449,,INV-502331,
Westside Mall Branch,Regional Supply Chain,2025-11-11,Winter Scarf Wool,Unit,36,16.19,BATCH-95264,,INV-734090,
Northpoint Outlet,Mega Suppliers Inc.,2025-12-28,Winter Scarf Wool,Unit,35,13.81,BATCH-96849,,INV-204855,
South Bay Store,Bulk Foods Warehouse,2025-12-06,Belt Leather Brown,Unit,91,18.66,BATCH-15955,,INV-632299,
South Bay Store,Global Food Distributors,2025-11-26,Belt Leather Brown,Unit,57,16.5,BATCH-46569,,INV-555362,
South Bay Store,FreshFarm Wholesale Co.,2025-11-15,Belt Leather Brown,Unit,102,16.6,BATCH-48014,,INV-338765,Promotional stock
Downtown Main Store,Bulk Foods Warehouse,2025-11-23,Belt Leather Brown,Unit,100,17.12,BATCH-70046,,INV-438011,
Downtown Main Store,Quality Foods Ltd.,2025-12-02,Belt Leather Brown,Unit,81,15.49,BATCH-46704,,INV-363355,Quality checked and approved
Downtown Main Store,Bulk Foods Warehouse,2026-01-01,Belt Leather Brown,Unit,31,18.49,BATCH-29989,,INV-819280,
Eastgate Shopping Center,Premium Grocers Supply,2025-11-26,Belt Leather Brown,Unit,39,17.8,BATCH-11497,,INV-178972,Seasonal inventory
Eastgate Shopping Center,Quality Foods Ltd.,2025-11-09,Belt Leather Brown,Unit,79,16.39,BATCH-55782,,INV-473262,Rush delivery
Eastgate Shopping Center,Eco-Friendly Suppliers,2026-01-29,Belt Leather Brown,Unit,52,19.01,BATCH-66763,,INV-694425,Promotional stock
Northpoint Outlet,Mega Suppliers Inc.,2026-01-01,Sunglasses UV Protection,Unit,77,18.71,BATCH-87180,,INV-240885,
Northpoint Outlet,Prime Importers,2025-12-23,Sunglasses UV Protection,Unit,80,23.26,BATCH-79735,,INV-866016,
Eastgate Shopping Center,Eco-Friendly Suppliers,2025-12-15,Sunglasses UV Protection,Unit,84,23.72,BATCH-75489,,INV-653480,Seasonal inventory
Eastgate Shopping Center,Premium Grocers Supply,2026-01-26,Sunglasses UV Protection,Unit,47,18.66,BATCH-29280,,INV-226341,Seasonal inventory
Eastgate Shopping Center,Express Distribution Co.,2025-12-14,Sunglasses UV Protection,Unit,81,19.99,BATCH-62889,,INV-162097,
South Bay Store,FreshFarm Wholesale Co.,2026-01-19,Sunglasses UV Protection,Unit,57,19.63,BATCH-34869,,INV-740603,Quality checked and approved
South Bay Store,Premium Grocers Supply,2025-12-13,Sunglasses UV Protection,Unit,75,23.13,BATCH-16824,,INV-588626,
Westside Mall Branch,Prime Importers,2025-11-27,Sunglasses UV Protection,Unit,84,20.6,BATCH-98840,,INV-830263,
Downtown Main Store,Eco-Friendly Suppliers,2025-12-17,Sunglasses UV Protection,Unit,39,21.96,BATCH-61491,,INV-282157,
Downtown Main Store,Eco-Friendly Suppliers,2026-01-26,Sunglasses UV Protection,Unit,54,22.05,BATCH-30256,,INV-279618,
Downtown Main Store,Eco-Friendly Suppliers,2026-01-06,Sunglasses UV Protection,Unit,33,23.05,BATCH-61386,,INV-617694,Seasonal inventory
Eastgate Shopping Center,Express Distribution Co.,2026-01-19,Backpack 20L Black,Unit,51,29.2,BATCH-31777,,INV-837879,
South Bay Store,Prime Importers,2025-11-28,Backpack 20L Black,Unit,45,27.92,BATCH-97182,,INV-674612,Seasonal inventory
South Bay Store,Express Distribution Co.,2026-01-09,Backpack 20L Black,Unit,20,24.72,BATCH-83973,,INV-236222,
Northpoint Outlet,FreshFarm Wholesale Co.,2026-01-04,Backpack 20L Black,Unit,20,26.12,BATCH-98782,,INV-392820,Rush delivery
Northpoint Outlet,Express Distribution Co.,2025-11-21,Backpack 20L Black,Unit,53,29.74,BATCH-20091,,INV-305262,
Westside Mall Branch,Global Food Distributors,2025-12-28,Backpack 20L Black,Unit,48,25.08,BATCH-62156,,INV-944554,Quality checked and approved
Downtown Main Store,Regional Supply Chain,2026-01-21,Backpack 20L Black,Unit,28,24.83,BATCH-21007,,INV-548161,Promotional stock
Downtown Main Store,Prime Importers,2026-02-02,Backpack 20L Black,Unit,52,26.31,BATCH-61919,,INV-278635,Promotional stock
Northpoint Outlet,Express Distribution Co.,2025-12-28,Handbag Leather Brown,Unit,39,52.41,BATCH-88021,,INV-180305,Rush delivery
Northpoint Outlet,Premium Grocers Supply,2025-11-19,Handbag Leather Brown,Unit,23,63.79,BATCH-69231,,INV-163073,Seasonal inventory
Downtown Main Store,Mega Suppliers Inc.,2026-01-03,Handbag Leather Brown,Unit,11,61.77,BATCH-66948,,INV-916197,
Downtown Main Store,Global Food Distributors,2025-12-08,Handbag Leather Brown,Unit,13,61.9,BATCH-68680,,INV-101602,Seasonal inventory
Downtown Main Store,Mega Suppliers Inc.,2025-12-31,Handbag Leather Brown,Unit,41,58.73,BATCH-18088,,INV-220105,
Westside Mall Branch,Quality Foods Ltd.,2025-12-02,Handbag Leather Brown,Unit,40,51.65,BATCH-39268,,INV-973556,
Westside Mall Branch,Premium Grocers Supply,2025-12-20,Handbag Leather Brown,Unit,10,54.19,BATCH-38236,,INV-458967,
South Bay Store,Eco-Friendly Suppliers,2025-11-09,Handbag Leather Brown,Unit,15,59.29,BATCH-91028,,INV-804933,
South Bay Store,Mega Suppliers Inc.,2026-01-25,Handbag Leather Brown,Unit,26,57.58,BATCH-77425,,INV-651332,
Westside Mall Branch,Premium Grocers Supply,2026-01-24,Laptop Bag 15-inch,Unit,21,38.56,BATCH-22232,,INV-208071,Promotional stock
Westside Mall Branch,Eco-Friendly Suppliers,2025-11-08,Laptop Bag 15-inch,Unit,42,39.84,BATCH-27167,,INV-196774,Seasonal inventory
Westside Mall Branch,FreshFarm Wholesale Co.,2026-01-01,Laptop Bag 15-inch,Unit,31,39.68,BATCH-90854,,INV-100199,Seasonal inventory
Eastgate Shopping Center,Regional Supply Chain,2026-01-04,Laptop Bag 15-inch,Unit,54,39.69,BATCH-47877,,INV-803275,Promotional stock
Eastgate Shopping Center,Premium Grocers Supply,2025-11-23,Laptop Bag 15-inch,Unit,29,38.12,BATCH-37922,,INV-690369,
South Bay Store,Premium Grocers Supply,2026-01-17,Laptop Bag 15-inch,Unit,38,38.22,BATCH-42520,,INV-242885,
South Bay Store,Regional Supply Chain,2025-12-07,Laptop Bag 15-inch,Unit,22,37.24,BATCH-69923,,INV-354574,
South Bay Store,Prime Importers,2025-12-21,Laptop Bag 15-inch,Unit,45,36.51,BATCH-36453,,INV-405757,Promotional stock
Downtown Main Store,Regional Supply Chain,2025-12-02,Laptop Bag 15-inch,Unit,44,34.1,BATCH-13073,,INV-435982,
Westside Mall Branch,FreshFarm Wholesale Co.,2026-01-18,Gym Duffel Bag,Unit,22,24.39,BATCH-31817,,INV-134881,Seasonal inventory
Westside Mall Branch,Premium Grocers Supply,2026-02-01,Gym Duffel Bag,Unit,55,27.33,BATCH-66488,,INV-389296,Promotional stock
Westside Mall Branch,Premium Grocers Supply,2026-01-17,Gym Duffel Bag,Unit,39,27.68,BATCH-79841,,INV-475619,
South Bay Store,Global Food Distributors,2025-11-19,Gym Duffel Bag,Unit,47,26.5,BATCH-51144,,INV-570891,Seasonal inventory
South Bay Store,Mega Suppliers Inc.,2026-01-24,Gym Duffel Bag,Unit,20,24.84,BATCH-50804,,INV-685651,
South Bay Store,Bulk Foods Warehouse,2026-01-12,Gym Duffel Bag,Unit,67,23.99,BATCH-29168,,INV-468266,Promotional stock
Downtown Main Store,Quality Foods Ltd.,2026-01-27,Gym Duffel Bag,Unit,24,27.97,BATCH-36332,,INV-531622,
Downtown Main Store,Premium Grocers Supply,2025-12-08,Gym Duffel Bag,Unit,23,24.22,BATCH-81457,,INV-256325,Promotional stock
Downtown Main Store,Premium Grocers Supply,2025-11-23,Gym Duffel Bag,Unit,43,22.5,BATCH-65363,,INV-783280,Promotional stock
Northpoint Outlet,Quality Foods Ltd.,2025-12-18,Gym Duffel Bag,Unit,47,23.85,BATCH-58713,,INV-725987,Quality checked and approved
Northpoint Outlet,FreshFarm Wholesale Co.,2025-11-28,Gym Duffel Bag,Unit,43,25.37,BATCH-75695,,INV-674586,Quality checked and approved
Eastgate Shopping Center,Quality Foods Ltd.,2025-11-27,Gym Duffel Bag,Unit,31,24.27,BATCH-86905,,INV-650969,Seasonal inventory
Eastgate Shopping Center,Express Distribution Co.,2025-12-09,Yoga Mat 6mm,Unit,45,17.23,BATCH-70277,,INV-805602,Promotional stock
Northpoint Outlet,Global Food Distributors,2025-12-02,Yoga Mat 6mm,Unit,44,18.06,BATCH-51313,,INV-483475,Quality checked and approved
Northpoint Outlet,Regional Supply Chain,2025-12-16,Yoga Mat 6mm,Unit,47,15.53,BATCH-68445,,INV-825223,Rush delivery
Downtown Main Store,Global Food Distributors,2025-11-14,Yoga Mat 6mm,Unit,47,17.13,BATCH-70843,,INV-460957,Quality checked and approved
Downtown Main Store,FreshFarm Wholesale Co.,2025-11-20,Yoga Mat 6mm,Unit,69,15.18,BATCH-72984,,INV-892777,Promotional stock
South Bay Store,Prime Importers,2025-11-08,Yoga Mat 6mm,Unit,27,19.45,BATCH-77964,,INV-434816,Promotional stock
South Bay Store,Express Distribution Co.,2025-12-26,Yoga Mat 6mm,Unit,59,17.06,BATCH-78674,,INV-913995,
South Bay Store,Quality Foods Ltd.,2026-01-09,Yoga Mat 6mm,Unit,43,16.22,BATCH-12940,,INV-634195,
Westside Mall Branch,Regional Supply Chain,2026-01-23,Yoga Mat 6mm,Unit,54,15.72,BATCH-45906,,INV-284365,Seasonal inventory
Northpoint Outlet,Express Distribution Co.,2025-12-09,Dumbbells 5kg Pair,Unit,42,28.15,BATCH-60460,,INV-354245,Seasonal inventory
Northpoint Outlet,Regional Supply Chain,2026-01-06,Dumbbells 5kg Pair,Unit,54,25.79,BATCH-92349,,INV-707499,
South Bay Store,Premium Grocers Supply,2026-01-14,Dumbbells 5kg Pair,Unit,56,31.34,BATCH-32205,,INV-141928,
Eastgate Shopping Center,Quality Foods Ltd.,2025-11-08,Dumbbells 5kg Pair,Unit,52,27.07,BATCH-25252,,INV-665508,
Eastgate Shopping Center,Bulk Foods Warehouse,2026-01-10,Resistance Bands Set,Unit,57,14.35,BATCH-39962,,INV-948391,Quality checked and approved
Eastgate Shopping Center,Global Food Distributors,2025-11-23,Resistance Bands Set,Unit,34,12.06,BATCH-53307,,INV-762469,Seasonal inventory
Westside Mall Branch,Express Distribution Co.,2025-11-21,Resistance Bands Set,Unit,76,13.77,BATCH-46408,,INV-794477,Promotional stock
South Bay Store,Prime Importers,2025-12-10,Resistance Bands Set,Unit,67,15.09,BATCH-45492,,INV-501367,
Downtown Main Store,Prime Importers,2025-12-15,Resistance Bands Set,Unit,46,15.39,BATCH-80428,,INV-457481,Seasonal inventory
Downtown Main Store,Eco-Friendly Suppliers,2025-11-12,Resistance Bands Set,Unit,27,14.22,BATCH-83474,,INV-825111,Seasonal inventory
South Bay Store,Bulk Foods Warehouse,2025-12-26,Water Bottle 1L,Unit,76,9.1,BATCH-71542,,INV-415467,Rush delivery
South Bay Store,Prime Importers,2026-01-21,Water Bottle 1L,Unit,110,8.09,BATCH-60002,,INV-601120,
Downtown Main Store,Premium Grocers Supply,2026-01-19,Water Bottle 1L,Unit,54,8.31,BATCH-32070,,INV-687357,
Downtown Main Store,Eco-Friendly Suppliers,2025-12-01,Water Bottle 1L,Unit,63,8.7,BATCH-13146,,INV-443736,
Downtown Main Store,FreshFarm Wholesale Co.,2026-01-10,Water Bottle 1L,Unit,126,9.23,BATCH-20215,,INV-614050,
Eastgate Shopping Center,Prime Importers,2025-12-15,Water Bottle 1L,Unit,118,9.84,BATCH-82552,,INV-136152,Promotional stock
Eastgate Shopping Center,Mega Suppliers Inc.,2026-01-18,Water Bottle 1L,Unit,123,10.39,BATCH-87232,,INV-542420,
Eastgate Shopping Center,Express Distribution Co.,2026-01-10,Water Bottle 1L,Unit,93,9.27,BATCH-93224,,INV-419495,
Westside Mall Branch,Express Distribution Co.,2025-11-17,Water Bottle 1L,Unit,80,8.69,BATCH-39531,,INV-586021,Promotional stock
Westside Mall Branch,Bulk Foods Warehouse,2025-11-18,Water Bottle 1L,Unit,81,9.35,BATCH-48701,,INV-143908,Rush delivery
Westside Mall Branch,Bulk Foods Warehouse,2025-11-09,Water Bottle 1L,Unit,44,8.5,BATCH-96293,,INV-759403,Seasonal inventory
Northpoint Outlet,Mega Suppliers Inc.,2025-12-04,Water Bottle 1L,Unit,67,9.84,BATCH-42840,,INV-882507,
Downtown Main Store,Regional Supply Chain,2026-01-31,Tennis Racket,Unit,31,56.56,BATCH-87991,,INV-894071,Quality checked and approved
South Bay Store,FreshFarm Wholesale Co.,2025-12-03,Tennis Racket,Unit,23,61.9,BATCH-14816,,INV-969152,
Northpoint Outlet,Regional Supply Chain,2025-12-19,Tennis Racket,Unit,30,64.8,BATCH-28136,,INV-771139,
Eastgate Shopping Center,Quality Foods Ltd.,2026-01-24,Tennis Racket,Unit,16,56.7,BATCH-41848,,INV-841161,Seasonal inventory
Eastgate Shopping Center,Eco-Friendly Suppliers,2025-12-29,Tennis Racket,Unit,34,67.85,BATCH-60659,,INV-509615,
Eastgate Shopping Center,Bulk Foods Warehouse,2025-12-19,Tennis Racket,Unit,16,58.59,BATCH-72673,,INV-424412,
South Bay Store,Prime Importers,2026-01-11,Basketball Size 7,Unit,55,23.31,BATCH-47003,,INV-946812,Seasonal inventory
Downtown Main Store,Express Distribution Co.,2025-12-19,Basketball Size 7,Unit,43,20.83,BATCH-46024,,INV-858461,Seasonal inventory
Downtown Main Store,Global Food Distributors,2026-01-07,Basketball Size 7,Unit,52,20.43,BATCH-89389,,INV-397495,Rush delivery
Westside Mall Branch,Prime Importers,2025-12-31,Basketball Size 7,Unit,19,19.04,BATCH-55039,,INV-259237,Seasonal inventory
Westside Mall Branch,Mega Suppliers Inc.,2025-11-22,Soccer Ball Size 5,Unit,49,19.96,BATCH-40136,,INV-954738,Quality checked and approved
South Bay Store,Express Distribution Co.,2026-01-02,Soccer Ball Size 5,Unit,26,15.06,BATCH-31791,,INV-470254,Quality checked and approved
South Bay Store,Eco-Friendly Suppliers,2026-01-08,Soccer Ball Size 5,Unit,24,16.08,BATCH-59394,,INV-992610,Quality checked and approved
Northpoint Outlet,Global Food Distributors,2026-01-30,Soccer Ball Size 5,Unit,39,15.39,BATCH-75373,,INV-318657,Rush delivery
Northpoint Outlet,Mega Suppliers Inc.,2026-01-03,Soccer Ball Size 5,Unit,55,17.69,BATCH-38637,,INV-603929,Quality checked and approved
Northpoint Outlet,Express Distribution Co.,2026-02-01,Soccer Ball Size 5,Unit,61,16.05,BATCH-70516,,INV-777754,Seasonal inventory
Eastgate Shopping Center,Global Food Distributors,2025-12-14,Soccer Ball Size 5,Unit,69,16.23,BATCH-50829,,INV-575322,Promotional stock
Eastgate Shopping Center,Bulk Foods Warehouse,2025-11-28,Soccer Ball Size 5,Unit,52,17.81,BATCH-57585,,INV-394107,
Downtown Main Store,Regional Supply Chain,2026-01-28,Soccer Ball Size 5,Unit,23,15.68,BATCH-21082,,INV-788124,Rush delivery
Downtown Main Store,Eco-Friendly Suppliers,2025-11-26,Soccer Ball Size 5,Unit,41,19.98,BATCH-10624,,INV-450936,Rush delivery
Northpoint Outlet,Global Food Distributors,2026-01-31,Bicycle 26-inch,Unit,18,206.67,BATCH-89773,,INV-495460,Promotional stock
Northpoint Outlet,Global Food Distributors,2026-01-21,Bicycle 26-inch,Unit,6,207.91,BATCH-89333,,INV-294926,
Northpoint Outlet,Premium Grocers Supply,2026-01-01,Bicycle 26-inch,Unit,13,239.37,BATCH-52150,,INV-147793,
South Bay Store,Prime Importers,2025-11-08,Bicycle 26-inch,Unit,18,214.75,BATCH-67712,,INV-376125,Seasonal inventory
South Bay Store,Express Distribution Co.,2025-12-22,Bicycle 26-inch,Unit,11,236.11,BATCH-57953,,INV-565582,Seasonal inventory
Downtown Main Store,Global Food Distributors,2025-11-18,Bicycle 26-inch,Unit,8,208.86,BATCH-87015,,INV-370048,Promotional stock
Downtown Main Store,Premium Grocers Supply,2025-12-26,Bicycle 26-inch,Unit,21,215.94,BATCH-99114,,INV-225522,
Eastgate Shopping Center,Regional Supply Chain,2025-12-05,Bicycle 26-inch,Unit,7,186.44,BATCH-36892,,INV-217895,
Eastgate Shopping Center,Mega Suppliers Inc.,2025-12-20,Bicycle 26-inch,Unit,21,220.28,BATCH-59507,,INV-425960,
Eastgate Shopping Center,Quality Foods Ltd.,2026-01-02,Bicycle 26-inch,Unit,13,186.61,BATCH-65456,,INV-595006,Promotional stock
Westside Mall Branch,Bulk Foods Warehouse,2025-11-22,Bicycle 26-inch,Unit,16,235.54,BATCH-61058,,INV-107903,
Westside Mall Branch,Mega Suppliers Inc.,2025-11-22,Bicycle 26-inch,Unit,21,184.3,BATCH-85765,,INV-572101,Seasonal inventory
Westside Mall Branch,Mega Suppliers Inc.,2026-01-17,Bicycle 26-inch,Unit,11,195.17,BATCH-55083,,INV-775447,Quality checked and approved
Northpoint Outlet,Mega Suppliers Inc.,2025-11-26,Helmet Cycling,Unit,51,32.47,BATCH-54880,,INV-399304,Rush delivery
Northpoint Outlet,Quality Foods Ltd.,2025-11-12,Helmet Cycling,Unit,32,32.13,BATCH-54866,,INV-371790,Rush delivery
Northpoint Outlet,Mega Suppliers Inc.,2025-12-03,Helmet Cycling,Unit,51,32.35,BATCH-68426,,INV-547451,Seasonal inventory
Downtown Main Store,Quality Foods Ltd.,2025-11-26,Helmet Cycling,Unit,55,32.89,BATCH-79432,,INV-399959,Quality checked and approved
Downtown Main Store,Quality Foods Ltd.,2026-01-12,Helmet Cycling,Unit,15,33.13,BATCH-39278,,INV-270130,
Downtown Main Store,Global Food Distributors,2025-12-07,Helmet Cycling,Unit,28,35.54,BATCH-27577,,INV-824609,
Eastgate Shopping Center,FreshFarm Wholesale Co.,2026-01-27,Helmet Cycling,Unit,23,30.6,BATCH-72433,,INV-428197,
Westside Mall Branch,Quality Foods Ltd.,2025-11-18,Helmet Cycling,Unit,35,32.61,BATCH-90652,,INV-858450,
Downtown Main Store,Express Distribution Co.,2026-01-03,Fishing Rod 7ft,Unit,11,52.07,BATCH-54700,,INV-854902,
Downtown Main Store,Prime Importers,2025-11-28,Fishing Rod 7ft,Unit,22,48.82,BATCH-54813,,INV-680518,Promotional stock
South Bay Store,Global Food Distributors,2026-01-31,Fishing Rod 7ft,Unit,17,48.93,BATCH-85475,,INV-835075,
Northpoint Outlet,Bulk Foods Warehouse,2025-12-15,Fishing Rod 7ft,Unit,24,50.28,BATCH-23138,,INV-898725,Rush delivery
Northpoint Outlet,FreshFarm Wholesale Co.,2025-11-08,Fishing Rod 7ft,Unit,17,54.16,BATCH-42080,,INV-602268,
Northpoint Outlet,Eco-Friendly Suppliers,2026-02-01,Fishing Rod 7ft,Unit,35,50.03,BATCH-10184,,INV-743310,
Eastgate Shopping Center,Mega Suppliers Inc.,2025-12-02,Fishing Rod 7ft,Unit,38,42.24,BATCH-89096,,INV-505020,
Eastgate Shopping Center,Global Food Distributors,2026-01-30,Fishing Rod 7ft,Unit,31,47.89,BATCH-29600,,INV-129701,Rush delivery
Westside Mall Branch,Quality Foods Ltd.,2025-12-02,Fishing Rod 7ft,Unit,26,51.68,BATCH-12408,,INV-869612,Rush delivery
Westside Mall Branch,Bulk Foods Warehouse,2025-11-09,Fishing Rod 7ft,Unit,36,55.51,BATCH-17092,,INV-969340,Seasonal inventory
Westside Mall Branch,Quality Foods Ltd.,2026-01-29,Fishing Rod 7ft,Unit,38,49.43,BATCH-85248,,INV-197748,Seasonal inventory
Northpoint Outlet,Mega Suppliers Inc.,2025-11-29,Camping Tent 4-Person,Unit,22,100.16,BATCH-51055,,INV-922491,
Downtown Main Store,FreshFarm Wholesale Co.,2025-12-04,Camping Tent 4-Person,Unit,12,108.73,BATCH-66699,,INV-240874,
Downtown Main Store,Premium Grocers Supply,2025-11-23,Camping Tent 4-Person,Unit,11,106.32,BATCH-19480,,INV-338277,Promotional stock
Downtown Main Store,Bulk Foods Warehouse,2025-11-27,Camping Tent 4-Person,Unit,17,91.79,BATCH-38610,,INV-118881,Quality checked and approved
Westside Mall Branch,Quality Foods Ltd.,2025-12-30,Camping Tent 4-Person,Unit,21,104.61,BATCH-62371,,INV-672981,Quality checked and approved
Westside Mall Branch,Mega Suppliers Inc.,2026-01-27,Camping Tent 4-Person,Unit,17,96.74,BATCH-68939,,INV-986024,
South Bay Store,Bulk Foods Warehouse,2025-11-10,Camping Tent 4-Person,Unit,19,94.67,BATCH-57432,,INV-936126,Quality checked and approved
South Bay Store,Eco-Friendly Suppliers,2025-11-11,Camping Tent 4-Person,Unit,26,114.33,BATCH-84326,,INV-920401,Quality checked and approved
South Bay Store,Regional Supply Chain,2025-12-25,Camping Tent 4-Person,Unit,23,106.56,BATCH-19445,,INV-362203,
Westside Mall Branch,Bulk Foods Warehouse,2025-12-30,Sleeping Bag -5°C,Unit,42,49.3,BATCH-88037,,INV-152017,
Westside Mall Branch,Quality Foods Ltd.,2026-01-20,Sleeping Bag -5°C,Unit,42,54.5,BATCH-43252,,INV-481962,
Westside Mall Branch,Quality Foods Ltd.,2026-01-14,Sleeping Bag -5°C,Unit,50,49.4,BATCH-12253,,INV-605834,
South Bay Store,Prime Importers,2025-12-23,Sleeping Bag -5°C,Unit,36,59.53,BATCH-47304,,INV-592372,Seasonal inventory
South Bay Store,Prime Importers,2025-11-14,Sleeping Bag -5°C,Unit,56,52.31,BATCH-78945,,INV-624551,Quality checked and approved
Downtown Main Store,Bulk Foods Warehouse,2026-01-10,Sleeping Bag -5°C,Unit,28,55.09,BATCH-98343,,INV-213332,Promotional stock
Downtown Main Store,Regional Supply Chain,2026-01-09,Sleeping Bag -5°C,Unit,25,58.12,BATCH-10686,,INV-781972,
Downtown Main Store,Eco-Friendly Suppliers,2025-12-26,Flashlight LED Rechargeable,Unit,43,16.55,BATCH-68440,,INV-910870,
Downtown Main Store,Prime Importers,2025-12-03,Flashlight LED Rechargeable,Unit,45,15.92,BATCH-14453,,INV-400646,Quality checked and approved
South Bay Store,Premium Grocers Supply,2026-01-21,Flashlight LED Rechargeable,Unit,46,16.64,BATCH-60536,,INV-162243,Seasonal inventory
Westside Mall Branch,Premium Grocers Supply,2025-12-01,Flashlight LED Rechargeable,Unit,53,19.62,BATCH-18865,,INV-978579,Promotional stock
Eastgate Shopping Center,Mega Suppliers Inc.,2025-12-17,Flashlight LED Rechargeable,Unit,84,15.69,BATCH-23946,,INV-849461,Rush delivery
Eastgate Shopping Center,Global Food Distributors,2025-12-31,Flashlight LED Rechargeable,Unit,59,16.04,BATCH-48828,,INV-845843,Quality checked and approved
Eastgate Shopping Center,Quality Foods Ltd.,2026-01-29,Flashlight LED Rechargeable,Unit,72,19.55,BATCH-13562,,INV-421636,Rush delivery
Northpoint Outlet,FreshFarm Wholesale Co.,2026-01-05,Cooler Box 40L,Unit,43,47.83,BATCH-69338,,INV-921570,Quality checked and approved
Northpoint Outlet,Premium Grocers Supply,2025-12-09,Cooler Box 40L,Unit,40,43.41,BATCH-51129,,INV-980481,
Downtown Main Store,Premium Grocers Supply,2026-01-08,Cooler Box 40L,Unit,34,39.87,BATCH-43827,,INV-858011,Seasonal inventory
Downtown Main Store,Prime Importers,2025-11-19,Cooler Box 40L,Unit,20,43.66,BATCH-98726,,INV-691651,Seasonal inventory
Downtown Main Store,Regional Supply Chain,2025-11-13,Cooler Box 40L,Unit,37,38.46,BATCH-83616,,INV-297252,
Westside Mall Branch,Eco-Friendly Suppliers,2025-11-21,Cooler Box 40L,Unit,27,39.64,BATCH-14027,,INV-576727,Rush delivery
Westside Mall Branch,Express Distribution Co.,2025-11-30,Cooler Box 40L,Unit,21,38.17,BATCH-48997,,INV-580449,Seasonal inventory
Westside Mall Branch,Bulk Foods Warehouse,2025-12-25,Cooler Box 40L,Unit,14,46.41,BATCH-25721,,INV-612378,
South Bay Store,Mega Suppliers Inc.,2025-12-21,Hiking Boots Size 10,Unit,15,62.73,BATCH-53945,,INV-517088,
South Bay Store,Quality Foods Ltd.,2026-01-11,Hiking Boots Size 10,Unit,24,66.92,BATCH-47499,,INV-143257,Seasonal inventory
Westside Mall Branch,Global Food Distributors,2025-11-13,Hiking Boots Size 10,Unit,52,56.96,BATCH-96043,,INV-574906,Quality checked and approved
Westside Mall Branch,Quality Foods Ltd.,2026-01-25,Hiking Boots Size 10,Unit,45,58.87,BATCH-75957,,INV-931169,
Westside Mall Branch,Quality Foods Ltd.,2025-11-19,Hiking Boots Size 10,Unit,21,60.85,BATCH-61815,,INV-165263,
Eastgate Shopping Center,Prime Importers,2025-12-02,Hiking Boots Size 10,Unit,50,61.28,BATCH-63198,,INV-311309,Promotional stock
Eastgate Shopping Center,Prime Importers,2025-11-10,Hiking Boots Size 10,Unit,46,62.37,BATCH-23910,,INV-515665,Promotional stock
Downtown Main Store,Mega Suppliers Inc.,2026-01-30,Board Game Family Pack,Unit,53,27.76,BATCH-79946,,INV-263868,Seasonal inventory
Downtown Main Store,Mega Suppliers Inc.,2026-01-30,Board Game Family Pack,Unit,49,24.57,BATCH-89673,,INV-832350,Quality checked and approved
Downtown Main Store,Mega Suppliers Inc.,2026-01-17,Board Game Family Pack,Unit,28,23.37,BATCH-20144,,INV-302587,Promotional stock
Eastgate Shopping Center,Regional Supply Chain,2025-11-06,Board Game Family Pack,Unit,59,25.03,BATCH-97282,,INV-749486,
Eastgate Shopping Center,Bulk Foods Warehouse,2026-01-10,Board Game Family Pack,Unit,63,25.83,BATCH-13328,,INV-780734,
Eastgate Shopping Center,Regional Supply Chain,2025-11-11,Board Game Family Pack,Unit,26,26.16,BATCH-20225,,INV-772718,
Northpoint Outlet,Premium Grocers Supply,2025-11-11,Board Game Family Pack,Unit,51,23.55,BATCH-17279,,INV-638033,
South Bay Store,Premium Grocers Supply,2025-12-28,Puzzle 1000 Pieces,Unit,33,13.5,BATCH-88824,,INV-474179,
South Bay Store,FreshFarm Wholesale Co.,2026-01-06,Puzzle 1000 Pieces,Unit,78,14.08,BATCH-44132,,INV-256200,Seasonal inventory
South Bay Store,Premium Grocers Supply,2025-11-23,Puzzle 1000 Pieces,Unit,65,13.4,BATCH-22480,,INV-176742,Seasonal inventory
Northpoint Outlet,Bulk Foods Warehouse,2026-01-14,Puzzle 1000 Pieces,Unit,70,15.12,BATCH-66938,,INV-867556,Quality checked and approved
Northpoint Outlet,Bulk Foods Warehouse,2026-01-08,Puzzle 1000 Pieces,Unit,43,14.97,BATCH-57931,,INV-613634,Rush delivery
Downtown Main Store,FreshFarm Wholesale Co.,2025-11-22,Puzzle 1000 Pieces,Unit,62,15.47,BATCH-44702,,INV-811969,
Downtown Main Store,Global Food Distributors,2025-12-06,Puzzle 1000 Pieces,Unit,56,14.53,BATCH-17909,,INV-151936,Promotional stock
Downtown Main Store,FreshFarm Wholesale Co.,2025-12-16,Puzzle 1000 Pieces,Unit,66,12.73,BATCH-29534,,INV-222773,Seasonal inventory
Eastgate Shopping Center,Global Food Distributors,2025-12-04,Action Figure Superhero,Unit,58,17.5,BATCH-44036,,INV-524806,
Northpoint Outlet,FreshFarm Wholesale Co.,2026-01-15,Action Figure Superhero,Unit,35,18.36,BATCH-12936,,INV-641337,
Northpoint Outlet,Prime Importers,2026-01-23,Action Figure Superhero,Unit,63,18.5,BATCH-26602,,INV-779276,
Westside Mall Branch,Prime Importers,2025-12-04,Action Figure Superhero,Unit,101,17.02,BATCH-77678,,INV-349672,
Downtown Main Store,Eco-Friendly Suppliers,2025-12-07,Doll House,Unit,17,60.1,BATCH-79205,,INV-452934,
South Bay Store,FreshFarm Wholesale Co.,2026-01-30,Doll House,Unit,42,49.19,BATCH-61408,,INV-836965,
Eastgate Shopping Center,Mega Suppliers Inc.,2026-01-01,Doll House,Unit,12,52.52,BATCH-88508,,INV-504474,
Eastgate Shopping Center,Premium Grocers Supply,2025-11-25,Doll House,Unit,14,53.98,BATCH-25311,,INV-589667,Rush delivery
Westside Mall Branch,Prime Importers,2026-01-22,Doll House,Unit,38,55.08,BATCH-74375,,INV-940246,Rush delivery
Northpoint Outlet,FreshFarm Wholesale Co.,2026-02-01,Doll House,Unit,19,57.42,BATCH-79392,,INV-509861,Quality checked and approved
Northpoint Outlet,Prime Importers,2025-11-18,Doll House,Unit,32,57.77,BATCH-77435,,INV-574608,Seasonal inventory
Downtown Main Store,Global Food Distributors,2026-01-06,RC Car Monster Truck,Unit,28,40.05,BATCH-68591,,INV-156205,Seasonal inventory
Downtown Main Store,Prime Importers,2026-01-23,RC Car Monster Truck,Unit,30,44.15,BATCH-77353,,INV-287249,Rush delivery
Downtown Main Store,FreshFarm Wholesale Co.,2025-12-29,RC Car Monster Truck,Unit,28,43.94,BATCH-92734,,INV-749552,
South Bay Store,Express Distribution Co.,2026-01-15,RC Car Monster Truck,Unit,22,37.9,BATCH-84530,,INV-797181,
Eastgate Shopping Center,Quality Foods Ltd.,2025-11-22,RC Car Monster Truck,Unit,15,47.61,BATCH-40017,,INV-577916,Seasonal inventory
Eastgate Shopping Center,Eco-Friendly Suppliers,2025-11-28,RC Car Monster Truck,Unit,24,41.18,BATCH-83510,,INV-478898,Seasonal inventory
Westside Mall Branch,Express Distribution Co.,2025-12-07,RC Car Monster Truck,Unit,30,47.79,BATCH-95979,,INV-732203,
Westside Mall Branch,Regional Supply Chain,2025-12-24,RC Car Monster Truck,Unit,48,45.49,BATCH-68378,,INV-791055,Rush delivery
Westside Mall Branch,Premium Grocers Supply,2025-12-04,RC Car Monster Truck,Unit,28,46.44,BATCH-27561,,INV-957906,
Northpoint Outlet,Eco-Friendly Suppliers,2025-11-15,RC Car Monster Truck,Unit,46,47.67,BATCH-10953,,INV-666319,
Northpoint Outlet,Regional Supply Chain,2025-11-24,RC Car Monster Truck,Unit,27,42.88,BATCH-35940,,INV-857135,Quality checked and approved
Northpoint Outlet,Quality Foods Ltd.,2025-12-02,RC Car Monster Truck,Unit,17,43.58,BATCH-74540,,INV-664894,Rush delivery
Westside Mall Branch,FreshFarm Wholesale Co.,2026-01-20,Building Blocks 500pcs,Unit,43,27.19,BATCH-76065,,INV-553353,
Northpoint Outlet,Bulk Foods Warehouse,2025-12-12,Building Blocks 500pcs,Unit,41,33.75,BATCH-60157,,INV-332259,
Downtown Main Store,Global Food Distributors,2025-12-19,Building Blocks 500pcs,Unit,63,27.17,BATCH-93239,,INV-829919,Promotional stock
Downtown Main Store,Bulk Foods Warehouse,2025-11-12,Building Blocks 500pcs,Unit,21,34.08,BATCH-91878,,INV-584607,
Eastgate Shopping Center,Premium Grocers Supply,2026-01-06,Building Blocks 500pcs,Unit,36,29.76,BATCH-82505,,INV-311224,Rush delivery
Eastgate Shopping Center,Regional Supply Chain,2025-12-05,Building Blocks 500pcs,Unit,24,28.96,BATCH-67788,,INV-877356,
Westside Mall Branch,Global Food Distributors,2026-01-13,Stuffed Bear 30cm,Unit,83,12.25,BATCH-19499,,INV-536627,Promotional stock
Downtown Main Store,Mega Suppliers Inc.,2025-11-13,Stuffed Bear 30cm,Unit,53,15.86,BATCH-18244,,INV-112386,Seasonal inventory
Eastgate Shopping Center,Prime Importers,2025-11-23,Stuffed Bear 30cm,Unit,49,15,BATCH-42063,,INV-817375,Seasonal inventory
Downtown Main Store,Premium Grocers Supply,2026-01-17,Painting Canvas Set,Unit,33,21.96,BATCH-31850,,INV-485882,Rush delivery
Downtown Main Store,Express Distribution Co.,2025-11-07,Painting Canvas Set,Unit,39,23.72,BATCH-81738,,INV-607536,Promotional stock
Downtown Main Store,Prime Importers,2026-01-15,Painting Canvas Set,Unit,47,22.03,BATCH-87556,,INV-953169,
Westside Mall Branch,Quality Foods Ltd.,2025-11-10,Painting Canvas Set,Unit,53,21.67,BATCH-69938,,INV-285544,
Westside Mall Branch,Bulk Foods Warehouse,2025-11-27,Painting Canvas Set,Unit,37,22.42,BATCH-39516,,INV-688944,
Northpoint Outlet,Global Food Distributors,2026-02-02,Painting Canvas Set,Unit,43,19.28,BATCH-63559,,INV-570860,
South Bay Store,Eco-Friendly Suppliers,2025-11-15,Acrylic Paint Set 24 Colors,Unit,44,25.8,BATCH-58545,,INV-589805,Promotional stock
South Bay Store,Eco-Friendly Suppliers,2025-11-18,Acrylic Paint Set 24 Colors,Unit,35,21.58,BATCH-52382,,INV-347086,Seasonal inventory
Northpoint Outlet,Premium Grocers Supply,2025-12-02,Acrylic Paint Set 24 Colors,Unit,58,25.06,BATCH-75977,,INV-940436,
Eastgate Shopping Center,Eco-Friendly Suppliers,2025-12-10,Acrylic Paint Set 24 Colors,Unit,36,24.75,BATCH-88051,,INV-210837,Seasonal inventory
Eastgate Shopping Center,Regional Supply Chain,2025-11-19,Acrylic Paint Set 24 Colors,Unit,55,23.2,BATCH-62137,,INV-278524,
Eastgate Shopping Center,FreshFarm Wholesale Co.,2026-01-18,Acrylic Paint Set 24 Colors,Unit,57,27.45,BATCH-50375,,INV-218415,
Eastgate Shopping Center,Prime Importers,2025-12-17,Sketchbook A4,Unit,53,9.67,BATCH-50379,,INV-263081,Seasonal inventory
Eastgate Shopping Center,Regional Supply Chain,2026-01-18,Sketchbook A4,Unit,42,8.89,BATCH-27164,,INV-225421,Rush delivery
Westside Mall Branch,Quality Foods Ltd.,2025-12-31,Sketchbook A4,Unit,73,9.43,BATCH-44724,,INV-987868,Promotional stock
Westside Mall Branch,Prime Importers,2025-11-13,Sketchbook A4,Unit,61,8.1,BATCH-20246,,INV-240172,Quality checked and approved
South Bay Store,Mega Suppliers Inc.,2025-11-08,Sketchbook A4,Unit,47,8.19,BATCH-99665,,INV-940950,Quality checked and approved
South Bay Store,Prime Importers,2025-11-18,Colored Pencils 48 Pack,Unit,65,19.42,BATCH-26085,,INV-316099,
Downtown Main Store,Mega Suppliers Inc.,2025-11-24,Colored Pencils 48 Pack,Unit,103,16.48,BATCH-90258,,INV-260970,Promotional stock
Downtown Main Store,Quality Foods Ltd.,2025-11-18,Colored Pencils 48 Pack,Unit,90,17.84,BATCH-37796,,INV-141595,
Westside Mall Branch,Prime Importers,2025-12-08,Colored Pencils 48 Pack,Unit,69,17.2,BATCH-50283,,INV-535722,Promotional stock
Westside Mall Branch,FreshFarm Wholesale Co.,2025-12-17,Colored Pencils 48 Pack,Unit,35,18.93,BATCH-65342,,INV-106867,Rush delivery
Westside Mall Branch,Quality Foods Ltd.,2025-11-30,Colored Pencils 48 Pack,Unit,57,16.19,BATCH-56823,,INV-864173,
Eastgate Shopping Center,Eco-Friendly Suppliers,2026-01-15,Colored Pencils 48 Pack,Unit,58,15.34,BATCH-49479,,INV-313048,
Eastgate Shopping Center,Regional Supply Chain,2025-12-02,Colored Pencils 48 Pack,Unit,90,19.11,BATCH-52763,,INV-561523,Quality checked and approved
Westside Mall Branch,Eco-Friendly Suppliers,2025-12-15,Clay Modeling Set,Unit,32,14.21,BATCH-48982,,INV-942056,
Westside Mall Branch,Premium Grocers Supply,2026-02-02,Clay Modeling Set,Unit,67,13.94,BATCH-46376,,INV-323720,Promotional stock
Downtown Main Store,FreshFarm Wholesale Co.,2025-11-11,Clay Modeling Set,Unit,24,14.99,BATCH-69282,,INV-694921,
Downtown Main Store,Express Distribution Co.,2025-11-20,Clay Modeling Set,Unit,70,12.56,BATCH-12476,,INV-866823,
Eastgate Shopping Center,Eco-Friendly Suppliers,2025-12-05,Clay Modeling Set,Unit,39,14.67,BATCH-22760,,INV-116258,Rush delivery
Northpoint Outlet,Premium Grocers Supply,2025-12-28,Craft Glue 500ml,Unit,37,5.47,BATCH-55242,,INV-999316,Seasonal inventory
Northpoint Outlet,Mega Suppliers Inc.,2026-01-26,Craft Glue 500ml,Unit,25,5.15,BATCH-73745,,INV-849778,
Westside Mall Branch,Eco-Friendly Suppliers,2025-12-06,Craft Glue 500ml,Unit,65,4.22,BATCH-30520,,INV-266561,
Westside Mall Branch,Express Distribution Co.,2026-01-31,Craft Glue 500ml,Unit,71,5.14,BATCH-38875,,INV-346318,Seasonal inventory
Westside Mall Branch,Eco-Friendly Suppliers,2025-12-31,Craft Glue 500ml,Unit,80,4.53,BATCH-16067,,INV-439136,Quality checked and approved
Downtown Main Store,Mega Suppliers Inc.,2026-01-08,Craft Glue 500ml,Unit,74,4.61,BATCH-23490,,INV-158915,Promotional stock
Downtown Main Store,FreshFarm Wholesale Co.,2025-12-10,Craft Glue 500ml,Unit,58,4.92,BATCH-68961,,INV-215181,Promotional stock
South Bay Store,Prime Importers,2025-11-11,Craft Glue 500ml,Unit,34,4.98,BATCH-74423,,INV-649158,
South Bay Store,Bulk Foods Warehouse,2026-01-16,Craft Glue 500ml,Unit,43,4.84,BATCH-16338,,INV-656568,
South Bay Store,Bulk Foods Warehouse,2025-12-24,Craft Glue 500ml,Unit,41,4.56,BATCH-70161,,INV-848665,
Downtown Main Store,Prime Importers,2025-12-28,Yarn Mixed Colors 10 Pack,Unit,24,22.07,BATCH-40423,,INV-991093,Promotional stock
Downtown Main Store,Regional Supply Chain,2026-01-03,Yarn Mixed Colors 10 Pack,Unit,52,20.34,BATCH-45547,,INV-904946,
Downtown Main Store,Bulk Foods Warehouse,2025-11-17,Yarn Mixed Colors 10 Pack,Unit,36,22.91,BATCH-53257,,INV-769603,
Northpoint Outlet,Global Food Distributors,2025-11-10,Yarn Mixed Colors 10 Pack,Unit,37,21.91,BATCH-26961,,INV-563430,
Northpoint Outlet,Eco-Friendly Suppliers,2025-12-10,Yarn Mixed Colors 10 Pack,Unit,52,23.53,BATCH-18068,,INV-723088,
Northpoint Outlet,Premium Grocers Supply,2026-01-23,Yarn Mixed Colors 10 Pack,Unit,43,22.5,BATCH-30892,,INV-347030,
Eastgate Shopping Center,Regional Supply Chain,2025-12-30,Yarn Mixed Colors 10 Pack,Unit,40,19.67,BATCH-20503,,INV-162140,Rush delivery
Westside Mall Branch,Global Food Distributors,2026-01-19,Novel Bestseller Fiction,Unit,62,12.67,BATCH-98804,,INV-482851,Quality checked and approved
Westside Mall Branch,Eco-Friendly Suppliers,2025-12-05,Novel Bestseller Fiction,Unit,27,15.53,BATCH-36912,,INV-420440,Promotional stock
Downtown Main Store,Prime Importers,2025-11-07,Novel Bestseller Fiction,Unit,21,14.25,BATCH-27563,,INV-723183,
South Bay Store,Regional Supply Chain,2025-12-31,Novel Bestseller Fiction,Unit,52,12.18,BATCH-80901,,INV-497694,
South Bay Store,Prime Importers,2025-12-26,Novel Bestseller Fiction,Unit,70,14.59,BATCH-88935,,INV-640727,Promotional stock
Eastgate Shopping Center,Regional Supply Chain,2026-01-25,Novel Bestseller Fiction,Unit,35,12.75,BATCH-52664,,INV-593147,
Downtown Main Store,Quality Foods Ltd.,2025-11-20,Cookbook Mediterranean,Unit,19,17.29,BATCH-54097,,INV-787794,
Downtown Main Store,Premium Grocers Supply,2026-01-15,Cookbook Mediterranean,Unit,30,15.7,BATCH-97548,,INV-776966,Promotional stock
Downtown Main Store,Quality Foods Ltd.,2025-12-13,Cookbook Mediterranean,Unit,53,16.12,BATCH-97517,,INV-663584,
South Bay Store,FreshFarm Wholesale Co.,2025-11-11,Cookbook Mediterranean,Unit,33,15.12,BATCH-77190,,INV-282458,
South Bay Store,FreshFarm Wholesale Co.,2025-12-11,Cookbook Mediterranean,Unit,15,16.16,BATCH-81666,,INV-497931,Seasonal inventory
Westside Mall Branch,Mega Suppliers Inc.,2025-12-04,Cookbook Mediterranean,Unit,52,16.39,BATCH-23738,,INV-102206,
Westside Mall Branch,Premium Grocers Supply,2025-12-11,Cookbook Mediterranean,Unit,21,15.74,BATCH-91887,,INV-127036,
Westside Mall Branch,Global Food Distributors,2026-02-02,Cookbook Mediterranean,Unit,52,19.89,BATCH-39181,,INV-738053,
Eastgate Shopping Center,Quality Foods Ltd.,2026-01-07,Cookbook Mediterranean,Unit,27,17.32,BATCH-79665,,INV-138810,Quality checked and approved
Eastgate Shopping Center,Eco-Friendly Suppliers,2026-01-29,Cookbook Mediterranean,Unit,41,18.02,BATCH-81555,,INV-659282,Rush delivery
Northpoint Outlet,Express Distribution Co.,2025-11-19,Cookbook Mediterranean,Unit,29,19.66,BATCH-28853,,INV-669311,Quality checked and approved
Downtown Main Store,Global Food Distributors,2026-01-11,Self-Help Book Mindfulness,Unit,33,11.87,BATCH-44870,,INV-799025,Quality checked and approved
Downtown Main Store,FreshFarm Wholesale Co.,2026-01-30,Self-Help Book Mindfulness,Unit,44,12.81,BATCH-82493,,INV-686635,
Downtown Main Store,FreshFarm Wholesale Co.,2025-12-19,Self-Help Book Mindfulness,Unit,32,13.58,BATCH-20529,,INV-403054,Seasonal inventory
Westside Mall Branch,Regional Supply Chain,2025-11-19,Self-Help Book Mindfulness,Unit,25,13.42,BATCH-50373,,INV-899953,Seasonal inventory
Westside Mall Branch,Quality Foods Ltd.,2025-11-29,Self-Help Book Mindfulness,Unit,43,13.23,BATCH-62227,,INV-153122,Seasonal inventory
Westside Mall Branch,Prime Importers,2026-01-26,Self-Help Book Mindfulness,Unit,29,10.34,BATCH-43267,,INV-319756,Rush delivery
Northpoint Outlet,Bulk Foods Warehouse,2026-01-08,Self-Help Book Mindfulness,Unit,28,11.68,BATCH-50188,,INV-908284,Promotional stock
Eastgate Shopping Center,Express Distribution Co.,2025-11-18,Self-Help Book Mindfulness,Unit,57,11.42,BATCH-40309,,INV-430188,Rush delivery
Eastgate Shopping Center,FreshFarm Wholesale Co.,2025-11-06,Self-Help Book Mindfulness,Unit,69,12.13,BATCH-67090,,INV-770111,Promotional stock
Eastgate Shopping Center,Global Food Distributors,2025-12-04,Self-Help Book Mindfulness,Unit,48,13.01,BATCH-25221,,INV-184320,Seasonal inventory
Westside Mall Branch,FreshFarm Wholesale Co.,2026-01-22,Children's Book Adventure,Unit,88,10.06,BATCH-84522,,INV-825999,Promotional stock
Westside Mall Branch,Premium Grocers Supply,2025-12-06,Children's Book Adventure,Unit,48,9.74,BATCH-27811,,INV-763618,
Westside Mall Branch,Eco-Friendly Suppliers,2025-12-03,Children's Book Adventure,Unit,73,9.38,BATCH-23978,,INV-243678,Seasonal inventory
Downtown Main Store,Express Distribution Co.,2025-12-27,Children's Book Adventure,Unit,48,10.12,BATCH-86084,,INV-578846,
Downtown Main Store,Express Distribution Co.,2026-02-02,Children's Book Adventure,Unit,105,9.96,BATCH-90862,,INV-386843,
South Bay Store,Bulk Foods Warehouse,2025-11-12,Children's Book Adventure,Unit,87,10.22,BATCH-65559,,INV-315944,Rush delivery
South Bay Store,Express Distribution Co.,2025-12-29,Children's Book Adventure,Unit,34,8.92,BATCH-73434,,INV-576696,Promotional stock
South Bay Store,Mega Suppliers Inc.,2026-01-22,Children's Book Adventure,Unit,83,9.73,BATCH-61447,,INV-466515,
Eastgate Shopping Center,Eco-Friendly Suppliers,2026-01-10,Children's Book Adventure,Unit,46,8.04,BATCH-62791,,INV-454520,
Eastgate Shopping Center,Premium Grocers Supply,2026-01-29,Children's Book Adventure,Unit,83,9.2,BATCH-12991,,INV-249667,
Northpoint Outlet,Prime Importers,2026-01-02,Children's Book Adventure,Unit,93,10.37,BATCH-56874,,INV-242974,Rush delivery
Northpoint Outlet,Eco-Friendly Suppliers,2025-11-24,Children's Book Adventure,Unit,104,10.16,BATCH-32246,,INV-131028,
Northpoint Outlet,Express Distribution Co.,2025-12-21,Children's Book Adventure,Unit,69,10.01,BATCH-95607,,INV-527178,
Westside Mall Branch,Bulk Foods Warehouse,2026-01-24,Magazine Monthly Lifestyle,Unit,88,5.61,BATCH-81181,,INV-693126,
Northpoint Outlet,FreshFarm Wholesale Co.,2025-12-19,Magazine Monthly Lifestyle,Unit,93,5.35,BATCH-82612,,INV-204895,Rush delivery
Northpoint Outlet,Prime Importers,2025-12-11,Magazine Monthly Lifestyle,Unit,126,5.75,BATCH-74548,,INV-981739,
Downtown Main Store,Premium Grocers Supply,2025-11-05,Magazine Monthly Lifestyle,Unit,132,5.96,BATCH-52984,,INV-900119,
Downtown Main Store,Quality Foods Ltd.,2025-12-05,Magazine Monthly Lifestyle,Unit,128,4.87,BATCH-38659,,INV-676230,
Downtown Main Store,Quality Foods Ltd.,2025-12-09,Magazine Monthly Lifestyle,Unit,132,6.3,BATCH-35100,,INV-413372,
Northpoint Outlet,Quality Foods Ltd.,2025-11-06,Watch Digital Smartwatch,Unit,29,157.74,BATCH-31704,,INV-921290,
Northpoint Outlet,Eco-Friendly Suppliers,2025-11-14,Watch Digital Smartwatch,Unit,15,152.3,BATCH-96350,,INV-127030,
Northpoint Outlet,Regional Supply Chain,2026-01-24,Watch Digital Smartwatch,Unit,28,127.83,BATCH-28760,,INV-214777,
Eastgate Shopping Center,Mega Suppliers Inc.,2025-12-04,Watch Digital Smartwatch,Unit,23,141.27,BATCH-67938,,INV-850747,Rush delivery
Eastgate Shopping Center,Global Food Distributors,2026-01-17,Watch Digital Smartwatch,Unit,34,159.37,BATCH-97225,,INV-885082,
Eastgate Shopping Center,Prime Importers,2025-12-30,Watch Digital Smartwatch,Unit,38,127.28,BATCH-63169,,INV-249209,Quality checked and approved
Westside Mall Branch,Regional Supply Chain,2025-11-12,Watch Digital Smartwatch,Unit,37,141.32,BATCH-41282,,INV-147321,
Westside Mall Branch,Quality Foods Ltd.,2025-11-12,Watch Digital Smartwatch,Unit,31,129.59,BATCH-44927,,INV-135376,Quality checked and approved
Downtown Main Store,Mega Suppliers Inc.,2026-01-10,Watch Digital Smartwatch,Unit,40,156.66,BATCH-66204,,INV-632682,
Downtown Main Store,Prime Importers,2026-01-18,Watch Digital Smartwatch,Unit,13,154.9,BATCH-75727,,INV-207038,Rush delivery
South Bay Store,Regional Supply Chain,2025-12-20,Watch Digital Smartwatch,Unit,12,150.36,BATCH-37393,,INV-299150,Rush delivery
South Bay Store,Prime Importers,2026-02-01,Watch Digital Smartwatch,Unit,33,135.09,BATCH-98616,,INV-858055,
South Bay Store,Eco-Friendly Suppliers,2025-11-21,Watch Digital Smartwatch,Unit,37,134.67,BATCH-64788,,INV-874600,Seasonal inventory
Downtown Main Store,Prime Importers,2026-01-23,Necklace Silver Chain,Unit,18,38.41,BATCH-68969,,INV-638821,Rush delivery
Downtown Main Store,Express Distribution Co.,2026-01-07,Necklace Silver Chain,Unit,54,37.12,BATCH-34493,,INV-961009,Seasonal inventory
Northpoint Outlet,Bulk Foods Warehouse,2026-01-02,Necklace Silver Chain,Unit,26,35.47,BATCH-99178,,INV-257733,Rush delivery
South Bay Store,Prime Importers,2025-12-13,Necklace Silver Chain,Unit,24,35.48,BATCH-22209,,INV-974934,Rush delivery
Eastgate Shopping Center,Regional Supply Chain,2026-01-02,Necklace Silver Chain,Unit,44,37.94,BATCH-57977,,INV-137877,
Eastgate Shopping Center,Eco-Friendly Suppliers,2026-01-17,Necklace Silver Chain,Unit,20,37.16,BATCH-49095,,INV-406433,
Eastgate Shopping Center,Quality Foods Ltd.,2026-01-15,Necklace Silver Chain,Unit,31,37.41,BATCH-20507,,INV-472834,Quality checked and approved
Northpoint Outlet,Quality Foods Ltd.,2026-01-08,Earrings Gold Studs,Unit,51,25.79,BATCH-76153,,INV-636574,
Northpoint Outlet,Regional Supply Chain,2026-01-09,Earrings Gold Studs,Unit,57,24.77,BATCH-56600,,INV-213697,
Westside Mall Branch,Quality Foods Ltd.,2026-02-02,Earrings Gold Studs,Unit,55,25.23,BATCH-48558,,INV-316289,Seasonal inventory
South Bay Store,FreshFarm Wholesale Co.,2025-12-04,Earrings Gold Studs,Unit,61,26.24,BATCH-64210,,INV-478837,
South Bay Store,Quality Foods Ltd.,2025-12-11,Earrings Gold Studs,Unit,25,26.77,BATCH-49638,,INV-371820,
Eastgate Shopping Center,Premium Grocers Supply,2025-12-03,Earrings Gold Studs,Unit,26,28.36,BATCH-25807,,INV-763432,Seasonal inventory
Eastgate Shopping Center,Global Food Distributors,2026-01-03,Earrings Gold Studs,Unit,55,24.55,BATCH-76117,,INV-538279,Rush delivery
Eastgate Shopping Center,Premium Grocers Supply,2025-12-20,Bracelet Leather Brown,Unit,56,20.97,BATCH-10498,,INV-790856,Quality checked and approved
Eastgate Shopping Center,FreshFarm Wholesale Co.,2025-11-07,Bracelet Leather Brown,Unit,36,18.35,BATCH-45042,,INV-581425,Promotional stock
Eastgate Shopping Center,Prime Importers,2025-11-28,Bracelet Leather Brown,Unit,39,20.54,BATCH-56941,,INV-633969,
Westside Mall Branch,Express Distribution Co.,2025-12-06,Bracelet Leather Brown,Unit,58,20.05,BATCH-27875,,INV-136359,
Westside Mall Branch,Bulk Foods Warehouse,2026-02-01,Bracelet Leather Brown,Unit,79,21.01,BATCH-11714,,INV-218314,Promotional stock
Downtown Main Store,Global Food Distributors,2025-12-06,Bracelet Leather Brown,Unit,51,19.57,BATCH-54196,,INV-928072,Quality checked and approved
Downtown Main Store,Prime Importers,2025-12-08,Bracelet Leather Brown,Unit,44,22.89,BATCH-28777,,INV-874859,Quality checked and approved
Downtown Main Store,Bulk Foods Warehouse,2026-01-22,Bracelet Leather Brown,Unit,28,18.39,BATCH-84259,,INV-313013,Seasonal inventory
South Bay Store,Bulk Foods Warehouse,2026-01-30,Bracelet Leather Brown,Unit,45,18.74,BATCH-76111,,INV-249008,
South Bay Store,Premium Grocers Supply,2025-12-07,Bracelet Leather Brown,Unit,49,18.27,BATCH-53495,,INV-653912,
Northpoint Outlet,Mega Suppliers Inc.,2025-12-02,Bracelet Leather Brown,Unit,26,18.27,BATCH-89064,,INV-586097,Rush delivery
Downtown Main Store,Global Food Distributors,2025-11-10,Ring Diamond Engagement,Unit,15,752,BATCH-67040,,INV-689993,Rush delivery
Downtown Main Store,Premium Grocers Supply,2025-12-22,Ring Diamond Engagement,Unit,20,623.57,BATCH-13086,,INV-913145,Seasonal inventory
Downtown Main Store,Premium Grocers Supply,2025-11-14,Ring Diamond Engagement,Unit,11,652.3,BATCH-55826,,INV-276633,Quality checked and approved
Westside Mall Branch,Express Distribution Co.,2025-12-26,Ring Diamond Engagement,Unit,14,624.55,BATCH-38589,,INV-966111,Quality checked and approved
Westside Mall Branch,Premium Grocers Supply,2025-11-06,Ring Diamond Engagement,Unit,13,612.97,BATCH-36302,,INV-582984,Promotional stock
Westside Mall Branch,Bulk Foods Warehouse,2025-11-24,Ring Diamond Engagement,Unit,19,738.24,BATCH-95161,,INV-678870,
South Bay Store,Premium Grocers Supply,2025-12-01,Ring Diamond Engagement,Unit,8,606.24,BATCH-49217,,INV-138821,Seasonal inventory
South Bay Store,Quality Foods Ltd.,2026-01-14,Ring Diamond Engagement,Unit,19,686.24,BATCH-87270,,INV-169750,Seasonal inventory
South Bay Store,Prime Importers,2025-12-12,Ring Diamond Engagement,Unit,15,693.46,BATCH-63820,,INV-534195,
Eastgate Shopping Center,Eco-Friendly Suppliers,2026-01-19,Ring Diamond Engagement,Unit,17,795.96,BATCH-56842,,INV-572128,Rush delivery
Eastgate Shopping Center,Quality Foods Ltd.,2025-11-15,Ring Diamond Engagement,Unit,10,704.98,BATCH-37411,,INV-466014,
Eastgate Shopping Center,Quality Foods Ltd.,2025-12-14,Ring Diamond Engagement,Unit,19,742.62,BATCH-60504,,INV-958268,Quality checked and approved
Northpoint Outlet,Eco-Friendly Suppliers,2025-12-25,Ring Diamond Engagement,Unit,11,600.91,BATCH-78282,,INV-576802,
Northpoint Outlet,FreshFarm Wholesale Co.,2025-12-16,Ring Diamond Engagement,Unit,11,779.6,BATCH-68784,,INV-828760,Seasonal inventory
Eastgate Shopping Center,Premium Grocers Supply,2025-11-16,Hammer Claw 16oz,Unit,47,14.78,BATCH-15124,,INV-903569,Promotional stock
Eastgate Shopping Center,Quality Foods Ltd.,2025-11-29,Hammer Claw 16oz,Unit,47,12.14,BATCH-54856,,INV-144404,
Eastgate Shopping Center,Mega Suppliers Inc.,2026-01-20,Hammer Claw 16oz,Unit,57,13,BATCH-98669,,INV-286242,Seasonal inventory
Downtown Main Store,Prime Importers,2026-01-14,Hammer Claw 16oz,Unit,60,15.28,BATCH-89647,,INV-470572,Seasonal inventory
Downtown Main Store,Bulk Foods Warehouse,2025-12-22,Hammer Claw 16oz,Unit,40,15.63,BATCH-93623,,INV-647084,Quality checked and approved
Northpoint Outlet,Prime Importers,2025-12-10,Hammer Claw 16oz,Unit,21,13.88,BATCH-32815,,INV-998254,
Northpoint Outlet,Global Food Distributors,2025-12-27,Hammer Claw 16oz,Unit,46,14.18,BATCH-65919,,INV-252758,Rush delivery
Westside Mall Branch,Premium Grocers Supply,2026-01-26,Hammer Claw 16oz,Unit,49,14.71,BATCH-13124,,INV-156980,Seasonal inventory
Westside Mall Branch,Express Distribution Co.,2025-11-13,Hammer Claw 16oz,Unit,45,15.3,BATCH-27004,,INV-514980,
Westside Mall Branch,Prime Importers,2025-11-09,Hammer Claw 16oz,Unit,35,15.16,BATCH-81650,,INV-768923,Seasonal inventory
Westside Mall Branch,Mega Suppliers Inc.,2026-01-27,Screwdriver Set 20pcs,Unit,76,27.04,BATCH-98708,,INV-698265,
Eastgate Shopping Center,Global Food Distributors,2025-12-10,Screwdriver Set 20pcs,Unit,44,27.91,BATCH-39006,,INV-275324,Rush delivery
Eastgate Shopping Center,Express Distribution Co.,2026-01-31,Screwdriver Set 20pcs,Unit,42,27.65,BATCH-36989,,INV-502317,
Downtown Main Store,Express Distribution Co.,2026-01-16,Screwdriver Set 20pcs,Unit,59,21.76,BATCH-20253,,INV-859108,Promotional stock
Downtown Main Store,Prime Importers,2025-12-07,Screwdriver Set 20pcs,Unit,77,27.09,BATCH-24653,,INV-108671,Rush delivery
South Bay Store,Premium Grocers Supply,2026-01-13,Screwdriver Set 20pcs,Unit,40,24.65,BATCH-87299,,INV-128583,Rush delivery
South Bay Store,FreshFarm Wholesale Co.,2025-12-12,Screwdriver Set 20pcs,Unit,78,22.61,BATCH-36113,,INV-157376,Promotional stock
South Bay Store,Eco-Friendly Suppliers,2025-12-21,Screwdriver Set 20pcs,Unit,72,23.96,BATCH-15209,,INV-400274,
Northpoint Outlet,Quality Foods Ltd.,2025-12-23,Screwdriver Set 20pcs,Unit,38,25.66,BATCH-92685,,INV-106148,
Eastgate Shopping Center,FreshFarm Wholesale Co.,2025-12-30,Drill Cordless 18V,Unit,30,87.37,BATCH-22228,,INV-338000,Rush delivery
Eastgate Shopping Center,Express Distribution Co.,2025-11-30,Drill Cordless 18V,Unit,23,85.5,BATCH-64731,,INV-943371,Seasonal inventory
Northpoint Outlet,Prime Importers,2026-01-26,Drill Cordless 18V,Unit,23,97.83,BATCH-27265,,INV-927864,Seasonal inventory
Downtown Main Store,Prime Importers,2026-01-01,Drill Cordless 18V,Unit,25,101.9,BATCH-11151,,INV-147343,Quality checked and approved
Downtown Main Store,FreshFarm Wholesale Co.,2025-12-20,Drill Cordless 18V,Unit,30,87.52,BATCH-12283,,INV-855231,
Downtown Main Store,FreshFarm Wholesale Co.,2025-12-19,Drill Cordless 18V,Unit,16,89.19,BATCH-90610,,INV-470963,
Northpoint Outlet,Eco-Friendly Suppliers,2025-11-18,Wrench Set Metric,Unit,37,35.04,BATCH-46811,,INV-231076,Promotional stock
Westside Mall Branch,Eco-Friendly Suppliers,2025-11-19,Wrench Set Metric,Unit,48,29.83,BATCH-49791,,INV-159343,Rush delivery
Westside Mall Branch,Mega Suppliers Inc.,2025-12-19,Wrench Set Metric,Unit,49,28.48,BATCH-83270,,INV-250570,Quality checked and approved
Westside Mall Branch,FreshFarm Wholesale Co.,2025-11-05,Wrench Set Metric,Unit,33,33.58,BATCH-37918,,INV-916432,Quality checked and approved
Downtown Main Store,Mega Suppliers Inc.,2025-12-10,Wrench Set Metric,Unit,39,27.52,BATCH-57080,,INV-655236,Seasonal inventory
Eastgate Shopping Center,Global Food Distributors,2025-11-26,Wrench Set Metric,Unit,41,29.21,BATCH-35744,,INV-374569,Seasonal inventory
Eastgate Shopping Center,Global Food Distributors,2026-01-03,Wrench Set Metric,Unit,32,28.84,BATCH-56375,,INV-274360,
Eastgate Shopping Center,FreshFarm Wholesale Co.,2025-12-17,Wrench Set Metric,Unit,21,33.87,BATCH-68593,,INV-637045,
Eastgate Shopping Center,Quality Foods Ltd.,2026-02-02,Tape Measure 25ft,Unit,75,9.51,BATCH-62739,,INV-202242,Rush delivery
Eastgate Shopping Center,Bulk Foods Warehouse,2025-11-18,Tape Measure 25ft,Unit,77,7.86,BATCH-98166,,INV-364482,
Downtown Main Store,Prime Importers,2025-11-30,Tape Measure 25ft,Unit,47,8.36,BATCH-50198,,INV-466799,Quality checked and approved
Downtown Main Store,Mega Suppliers Inc.,2025-11-30,Tape Measure 25ft,Unit,73,9.61,BATCH-63968,,INV-949748,
South Bay Store,FreshFarm Wholesale Co.,2025-12-04,Tape Measure 25ft,Unit,92,10.19,BATCH-26135,,INV-242308,
South Bay Store,Express Distribution Co.,2025-12-05,Tape Measure 25ft,Unit,57,8.1,BATCH-53833,,INV-383953,
Northpoint Outlet,Mega Suppliers Inc.,2026-01-02,Tape Measure 25ft,Unit,66,9.86,BATCH-44363,,INV-981910,
Northpoint Outlet,Quality Foods Ltd.,2026-01-23,Tape Measure 25ft,Unit,81,10.19,BATCH-45631,,INV-145777,Promotional stock
Northpoint Outlet,Global Food Distributors,2026-01-07,Tape Measure 25ft,Unit,63,8.57,BATCH-52821,,INV-674158,Seasonal inventory
Westside Mall Branch,Express Distribution Co.,2025-12-28,Tape Measure 25ft,Unit,55,9.44,BATCH-99323,,INV-990554,Promotional stock
Westside Mall Branch,Bulk Foods Warehouse,2025-11-20,Tape Measure 25ft,Unit,65,9.76,BATCH-58891,,INV-342096,
Westside Mall Branch,Premium Grocers Supply,2025-11-11,Tape Measure 25ft,Unit,33,8.94,BATCH-78228,,INV-644288,
Westside Mall Branch,Bulk Foods Warehouse,2026-02-02,Pliers Set 3pcs,Unit,40,18.89,BATCH-39788,,INV-921800,Seasonal inventory
Westside Mall Branch,Global Food Distributors,2026-01-31,Pliers Set 3pcs,Unit,36,16.47,BATCH-50895,,INV-845857,
Northpoint Outlet,Prime Importers,2025-11-19,Pliers Set 3pcs,Unit,66,16.4,BATCH-16524,,INV-514849,Promotional stock
Northpoint Outlet,FreshFarm Wholesale Co.,2025-12-26,Pliers Set 3pcs,Unit,46,18.93,BATCH-80325,,INV-583271,Rush delivery
South Bay Store,Express Distribution Co.,2025-12-28,Pliers Set 3pcs,Unit,29,15.04,BATCH-20746,,INV-978969,
Downtown Main Store,Bulk Foods Warehouse,2026-01-30,Pliers Set 3pcs,Unit,30,16.71,BATCH-23945,,INV-489160,Rush delivery
Downtown Main Store,Eco-Friendly Suppliers,2025-12-20,Pliers Set 3pcs,Unit,64,16.76,BATCH-79311,,INV-284634,
Westside Mall Branch,Quality Foods Ltd.,2025-12-02,Ladder 6ft Aluminum,Unit,25,67.91,BATCH-27851,,INV-634684,
Northpoint Outlet,Prime Importers,2025-11-26,Ladder 6ft Aluminum,Unit,9,55.48,BATCH-30020,,INV-985302,Promotional stock
Northpoint Outlet,Quality Foods Ltd.,2025-12-30,Ladder 6ft Aluminum,Unit,27,63.76,BATCH-59858,,INV-155592,
South Bay Store,Prime Importers,2025-11-14,Ladder 6ft Aluminum,Unit,17,59.91,BATCH-33687,,INV-938031,Seasonal inventory
South Bay Store,Premium Grocers Supply,2026-01-01,Ladder 6ft Aluminum,Unit,21,54.38,BATCH-88741,,INV-963773,
Downtown Main Store,Regional Supply Chain,2025-11-13,Ladder 6ft Aluminum,Unit,26,70.26,BATCH-94845,,INV-155845,
Downtown Main Store,Regional Supply Chain,2025-11-28,Ladder 6ft Aluminum,Unit,24,59.45,BATCH-91209,,INV-599854,
Downtown Main Store,Premium Grocers Supply,2025-12-21,Ladder 6ft Aluminum,Unit,23,58.7,BATCH-18561,,INV-492037,Quality checked and approved
Eastgate Shopping Center,Quality Foods Ltd.,2026-01-28,Ladder 6ft Aluminum,Unit,20,61.29,BATCH-14370,,INV-722347,Rush delivery
Eastgate Shopping Center,Express Distribution Co.,2026-01-21,Ladder 6ft Aluminum,Unit,10,58.44,BATCH-17448,,INV-492170,
Eastgate Shopping Center,Regional Supply Chain,2025-12-18,Ladder 6ft Aluminum,Unit,23,55.09,BATCH-78713,,INV-880705,
South Bay Store,Prime Importers,2025-12-16,Paint Brush Set 10pcs,Unit,67,15.59,BATCH-38893,,INV-861636,Rush delivery
Downtown Main Store,Eco-Friendly Suppliers,2025-11-22,Paint Brush Set 10pcs,Unit,22,12.14,BATCH-75542,,INV-826852,Quality checked and approved
Downtown Main Store,FreshFarm Wholesale Co.,2026-01-29,Paint Brush Set 10pcs,Unit,44,13.11,BATCH-72574,,INV-876137,Rush delivery
Eastgate Shopping Center,Regional Supply Chain,2025-12-12,Paint Brush Set 10pcs,Unit,20,12.12,BATCH-34031,,INV-737311,
Eastgate Shopping Center,Eco-Friendly Suppliers,2025-11-29,Paint Brush Set 10pcs,Unit,30,12.47,BATCH-13911,,INV-374254,Seasonal inventory
Eastgate Shopping Center,Mega Suppliers Inc.,2025-12-26,Paint Brush Set 10pcs,Unit,22,15.87,BATCH-80143,,INV-167478,
Westside Mall Branch,FreshFarm Wholesale Co.,2026-02-02,Paint Brush Set 10pcs,Unit,60,12.39,BATCH-85288,,INV-594475,Promotional stock
Westside Mall Branch,Mega Suppliers Inc.,2026-01-05,Toolbox Portable 20-inch,Unit,50,23.75,BATCH-69715,,INV-606357,
Westside Mall Branch,FreshFarm Wholesale Co.,2026-01-22,Toolbox Portable 20-inch,Unit,20,20.91,BATCH-14662,,INV-666323,
South Bay Store,Global Food Distributors,2026-01-03,Toolbox Portable 20-inch,Unit,18,21.14,BATCH-78507,,INV-870130,Rush delivery
South Bay Store,Global Food Distributors,2026-01-07,Toolbox Portable 20-inch,Unit,40,22.43,BATCH-94381,,INV-722635,Promotional stock
Northpoint Outlet,Quality Foods Ltd.,2026-01-26,Toolbox Portable 20-inch,Unit,20,23.49,BATCH-64674,,INV-688079,
Downtown Main Store,Prime Importers,2025-11-08,Toolbox Portable 20-inch,Unit,20,23.43,BATCH-17434,,INV-746687,
Downtown Main Store,Quality Foods Ltd.,2026-01-04,Toolbox Portable 20-inch,Unit,30,20.47,BATCH-27988,,INV-579886,Quality checked and approved
Downtown Main Store,Bulk Foods Warehouse,2025-11-08,Toolbox Portable 20-inch,Unit,56,22.59,BATCH-33815,,INV-141219,Seasonal inventory
South Bay Store,Prime Importers,2025-12-16,Safety Goggles,Unit,119,9.88,BATCH-25957,,INV-939656,
South Bay Store,Quality Foods Ltd.,2026-01-22,Safety Goggles,Unit,110,9.94,BATCH-83355,,INV-981569,
Northpoint Outlet,Premium Grocers Supply,2025-11-26,Safety Goggles,Unit,53,10.53,BATCH-50967,,INV-651667,
Northpoint Outlet,Regional Supply Chain,2025-12-08,Safety Goggles,Unit,79,10.28,BATCH-34850,,INV-215078,Promotional stock
Northpoint Outlet,Global Food Distributors,2025-11-09,Safety Goggles,Unit,47,9.34,BATCH-41802,,INV-462459,Promotional stock
Eastgate Shopping Center,Global Food Distributors,2026-01-08,Safety Goggles,Unit,89,11.13,BATCH-15776,,INV-671010,Rush delivery
Westside Mall Branch,Mega Suppliers Inc.,2025-12-26,Garden Gloves Leather,Unit,45,13.19,BATCH-21666,,INV-490313,Seasonal inventory
Westside Mall Branch,Regional Supply Chain,2025-12-22,Garden Gloves Leather,Unit,31,11.73,BATCH-32293,,INV-496123,Rush delivery
Westside Mall Branch,Prime Importers,2025-12-10,Garden Gloves Leather,Unit,30,10.8,BATCH-70248,,INV-846807,Seasonal inventory
Northpoint Outlet,Eco-Friendly Suppliers,2025-12-24,Garden Gloves Leather,Unit,37,12.08,BATCH-16675,,INV-946048,Rush delivery
Northpoint Outlet,Quality Foods Ltd.,2025-12-22,Garden Gloves Leather,Unit,87,11.17,BATCH-63457,,INV-545265,
South Bay Store,Mega Suppliers Inc.,2025-12-17,Garden Gloves Leather,Unit,32,11.7,BATCH-29495,,INV-224041,
South Bay Store,Express Distribution Co.,2026-02-01,Garden Gloves Leather,Unit,98,11.17,BATCH-71450,,INV-255085,Seasonal inventory
South Bay Store,Prime Importers,2025-12-24,Garden Gloves Leather,Unit,55,10.3,BATCH-93511,,INV-681142,Promotional stock
Downtown Main Store,FreshFarm Wholesale Co.,2025-11-13,Garden Gloves Leather,Unit,43,10.61,BATCH-88623,,INV-209933,Seasonal inventory
Downtown Main Store,Bulk Foods Warehouse,2025-12-06,Garden Gloves Leather,Unit,78,11.66,BATCH-74936,,INV-665398,Quality checked and approved
Downtown Main Store,Regional Supply Chain,2025-12-07,Garden Gloves Leather,Unit,99,10.97,BATCH-18881,,INV-732460,
Westside Mall Branch,Regional Supply Chain,2025-11-17,Lawn Mower Electric,Unit,17,162.92,BATCH-14610,,INV-290592,
Northpoint Outlet,Bulk Foods Warehouse,2025-12-31,Lawn Mower Electric,Unit,14,196.94,BATCH-22657,,INV-639273,
Northpoint Outlet,Premium Grocers Supply,2026-01-04,Lawn Mower Electric,Unit,12,160.13,BATCH-19925,,INV-203581,Promotional stock
Downtown Main Store,Regional Supply Chain,2025-11-24,Lawn Mower Electric,Unit,11,151.82,BATCH-70236,,INV-840299,Seasonal inventory
South Bay Store,Global Food Distributors,2026-01-16,Lawn Mower Electric,Unit,6,192.21,BATCH-16929,,INV-155883,Seasonal inventory
South Bay Store,Eco-Friendly Suppliers,2025-12-05,Garden Hose 50ft,Unit,32,27.8,BATCH-50074,,INV-596869,
South Bay Store,Bulk Foods Warehouse,2026-01-17,Garden Hose 50ft,Unit,44,31.35,BATCH-25743,,INV-387563,
Eastgate Shopping Center,Eco-Friendly Suppliers,2025-12-18,Garden Hose 50ft,Unit,51,29.74,BATCH-44998,,INV-503255,
Westside Mall Branch,FreshFarm Wholesale Co.,2026-01-27,Garden Hose 50ft,Unit,46,25.41,BATCH-74879,,INV-447640,
Westside Mall Branch,FreshFarm Wholesale Co.,2026-01-28,Garden Hose 50ft,Unit,17,26.57,BATCH-88031,,INV-826292,Quality checked and approved
Westside Mall Branch,Global Food Distributors,2025-11-14,Garden Hose 50ft,Unit,52,30.19,BATCH-17296,,INV-819569,Rush delivery
Westside Mall Branch,Global Food Distributors,2026-01-17,Fertilizer Organic 5kg,Unit,45,18.06,BATCH-33711,,INV-719751,
South Bay Store,Premium Grocers Supply,2026-02-01,Fertilizer Organic 5kg,Unit,35,17.71,BATCH-22837,,INV-493994,Quality checked and approved
South Bay Store,Regional Supply Chain,2026-01-08,Fertilizer Organic 5kg,Unit,53,15,BATCH-56293,,INV-136731,Seasonal inventory
Eastgate Shopping Center,Prime Importers,2026-01-08,Fertilizer Organic 5kg,Unit,38,18.94,BATCH-37055,,INV-542298,Promotional stock
Eastgate Shopping Center,Prime Importers,2025-11-28,Fertilizer Organic 5kg,Unit,55,17.98,BATCH-72994,,INV-438708,
Eastgate Shopping Center,Express Distribution Co.,2025-11-21,Fertilizer Organic 5kg,Unit,53,16.95,BATCH-67364,,INV-416782,Promotional stock
Downtown Main Store,Express Distribution Co.,2026-02-02,Fertilizer Organic 5kg,Unit,67,17.82,BATCH-85286,,INV-339696,
Downtown Main Store,FreshFarm Wholesale Co.,2026-01-15,Fertilizer Organic 5kg,Unit,40,17.18,BATCH-96180,,INV-825388,
Downtown Main Store,Premium Grocers Supply,2025-12-30,Fertilizer Organic 5kg,Unit,53,15.11,BATCH-67423,,INV-690094,Promotional stock
Downtown Main Store,Premium Grocers Supply,2025-11-25,Plant Pots 6-inch Set of 5,Unit,59,14.83,BATCH-50725,,INV-493329,
Downtown Main Store,Premium Grocers Supply,2026-01-30,Plant Pots 6-inch Set of 5,Unit,71,14.63,BATCH-57891,,INV-725589,Quality checked and approved
Downtown Main Store,Mega Suppliers Inc.,2026-01-16,Plant Pots 6-inch Set of 5,Unit,27,15.09,BATCH-69479,,INV-859841,
Eastgate Shopping Center,Eco-Friendly Suppliers,2025-12-19,Plant Pots 6-inch Set of 5,Unit,78,13.51,BATCH-40696,,INV-385994,Quality checked and approved
Eastgate Shopping Center,Global Food Distributors,2025-12-02,Plant Pots 6-inch Set of 5,Unit,70,14.81,BATCH-74994,,INV-715969,
South Bay Store,Premium Grocers Supply,2025-11-15,Plant Pots 6-inch Set of 5,Unit,72,13.86,BATCH-62695,,INV-442681,Seasonal inventory
South Bay Store,Bulk Foods Warehouse,2025-11-26,Plant Pots 6-inch Set of 5,Unit,84,13.34,BATCH-56455,,INV-242201,Seasonal inventory
South Bay Store,FreshFarm Wholesale Co.,2025-12-01,Plant Pots 6-inch Set of 5,Unit,42,15.99,BATCH-50909,,INV-801564,Quality checked and approved
Northpoint Outlet,Global Food Distributors,2026-01-29,Pruning Shears,Unit,58,14.53,BATCH-21028,,INV-280023,
Northpoint Outlet,Global Food Distributors,2026-01-02,Pruning Shears,Unit,62,14.19,BATCH-89380,,INV-708711,Seasonal inventory
Northpoint Outlet,Premium Grocers Supply,2025-11-18,Pruning Shears,Unit,103,15.6,BATCH-92824,,INV-830154,Promotional stock
Eastgate Shopping Center,Global Food Distributors,2025-12-08,Pruning Shears,Unit,48,15.59,BATCH-97436,,INV-246904,
Downtown Main Store,Mega Suppliers Inc.,2025-11-27,Pruning Shears,Unit,57,16.7,BATCH-38325,,INV-221809,Rush delivery
Downtown Main Store,Premium Grocers Supply,2026-01-07,Pruning Shears,Unit,105,14.33,BATCH-72153,,INV-468048,
Westside Mall Branch,Regional Supply Chain,2026-01-12,Pruning Shears,Unit,103,17.32,BATCH-62788,,INV-782267,
Westside Mall Branch,Eco-Friendly Suppliers,2026-01-25,Pruning Shears,Unit,38,18.27,BATCH-33540,,INV-480513,
Westside Mall Branch,Regional Supply Chain,2025-12-30,Pruning Shears,Unit,68,14.67,BATCH-50630,,INV-653578,Quality checked and approved
Eastgate Shopping Center,Mega Suppliers Inc.,2026-01-18,Garden Rake,Unit,39,11.54,BATCH-31704,,INV-762445,Rush delivery
Eastgate Shopping Center,Mega Suppliers Inc.,2026-01-28,Garden Rake,Unit,21,12.09,BATCH-82774,,INV-788057,Quality checked and approved
Eastgate Shopping Center,Premium Grocers Supply,2025-12-10,Garden Rake,Unit,41,12.89,BATCH-13303,,INV-514686,Promotional stock
Westside Mall Branch,Express Distribution Co.,2025-11-20,Garden Rake,Unit,29,12.58,BATCH-11775,,INV-946746,Promotional stock
Westside Mall Branch,Bulk Foods Warehouse,2026-01-01,Garden Rake,Unit,22,12.36,BATCH-21704,,INV-476842,Seasonal inventory
Downtown Main Store,Bulk Foods Warehouse,2025-12-03,Garden Rake,Unit,28,11.8,BATCH-25022,,INV-152955,Seasonal inventory
Downtown Main Store,Eco-Friendly Suppliers,2025-12-04,Garden Rake,Unit,54,11.78,BATCH-49989,,INV-980125,
South Bay Store,FreshFarm Wholesale Co.,2025-12-20,Garden Rake,Unit,39,13.23,BATCH-19462,,INV-791528,Quality checked and approved
South Bay Store,Global Food Distributors,2025-12-13,Garden Rake,Unit,43,13.35,BATCH-90112,,INV-772325,Promotional stock
South Bay Store,Prime Importers,2025-12-03,Garden Rake,Unit,61,14.26,BATCH-81179,,INV-392306,Quality checked and approved
Downtown Main Store,Premium Grocers Supply,2025-12-13,Wheelbarrow Steel,Unit,13,55.97,BATCH-94820,,INV-859332,Rush delivery
Downtown Main Store,Prime Importers,2025-12-15,Wheelbarrow Steel,Unit,10,50.98,BATCH-51214,,INV-685593,Quality checked and approved
Downtown Main Store,FreshFarm Wholesale Co.,2025-12-18,Wheelbarrow Steel,Unit,17,51.64,BATCH-78905,,INV-420679,
Northpoint Outlet,Eco-Friendly Suppliers,2025-12-26,Wheelbarrow Steel,Unit,9,54.66,BATCH-17639,,INV-839587,Quality checked and approved
South Bay Store,Quality Foods Ltd.,2026-01-17,Wheelbarrow Steel,Unit,8,52.25,BATCH-49046,,INV-599596,
South Bay Store,Express Distribution Co.,2025-11-21,Wheelbarrow Steel,Unit,19,63.14,BATCH-23713,,INV-498066,Quality checked and approved
South Bay Store,FreshFarm Wholesale Co.,2025-12-14,Wheelbarrow Steel,Unit,10,49.47,BATCH-90551,,INV-278024,Quality checked and approved
Eastgate Shopping Center,Mega Suppliers Inc.,2025-12-23,Watering Can 10L,Unit,42,11.62,BATCH-57943,,INV-506558,
Eastgate Shopping Center,Quality Foods Ltd.,2026-01-07,Watering Can 10L,Unit,79,10.96,BATCH-66365,,INV-750788,Promotional stock
Northpoint Outlet,Eco-Friendly Suppliers,2025-11-22,Watering Can 10L,Unit,64,9.94,BATCH-42011,,INV-822236,
Northpoint Outlet,Global Food Distributors,2026-01-15,Watering Can 10L,Unit,59,9.92,BATCH-61656,,INV-236060,
Downtown Main Store,FreshFarm Wholesale Co.,2026-02-02,Watering Can 10L,Unit,81,10.25,BATCH-30191,,INV-761313,Quality checked and approved
Downtown Main Store,Eco-Friendly Suppliers,2025-12-01,Watering Can 10L,Unit,82,9.31,BATCH-76426,,INV-182111,Rush delivery
Westside Mall Branch,Bulk Foods Warehouse,2025-11-19,Watering Can 10L,Unit,76,10.54,BATCH-18950,,INV-148711,
Eastgate Shopping Center,Global Food Distributors,2025-12-01,Compost Bin 50L,Unit,37,28.55,BATCH-62535,,INV-260358,
Northpoint Outlet,Mega Suppliers Inc.,2025-11-09,Compost Bin 50L,Unit,41,31.95,BATCH-60852,,INV-753755,
Downtown Main Store,Prime Importers,2026-01-27,Compost Bin 50L,Unit,30,24.82,BATCH-73222,,INV-103295,
Downtown Main Store,Global Food Distributors,2026-01-03,Compost Bin 50L,Unit,11,24.75,BATCH-23843,,INV-831900,
Eastgate Shopping Center,Premium Grocers Supply,2025-12-06,Espresso Machine,Unit,14,196.87,BATCH-77594,,INV-942999,
Eastgate Shopping Center,Prime Importers,2025-11-14,Espresso Machine,Unit,10,210.01,BATCH-95268,,INV-167250,
Westside Mall Branch,Eco-Friendly Suppliers,2025-12-13,Espresso Machine,Unit,17,187.54,BATCH-13202,,INV-772595,Quality checked and approved
Westside Mall Branch,Quality Foods Ltd.,2026-01-27,Espresso Machine,Unit,12,194.76,BATCH-58950,,INV-497259,Seasonal inventory
Northpoint Outlet,FreshFarm Wholesale Co.,2025-11-27,Espresso Machine,Unit,8,190.42,BATCH-71270,,INV-600453,Promotional stock
Northpoint Outlet,Regional Supply Chain,2025-12-01,Espresso Machine,Unit,16,222.89,BATCH-60923,,INV-473140,Promotional stock
Northpoint Outlet,FreshFarm Wholesale Co.,2026-02-01,Espresso Machine,Unit,13,228.87,BATCH-49816,,INV-515615,Quality checked and approved
South Bay Store,FreshFarm Wholesale Co.,2025-12-02,Espresso Machine,Unit,12,188.71,BATCH-87784,,INV-198109,Promotional stock
South Bay Store,FreshFarm Wholesale Co.,2026-01-02,Espresso Machine,Unit,11,235.34,BATCH-64441,,INV-166855,Quality checked and approved
South Bay Store,Premium Grocers Supply,2025-12-10,Blender 800W,Unit,27,59.58,BATCH-72464,,INV-562938,Quality checked and approved
South Bay Store,Eco-Friendly Suppliers,2026-01-13,Blender 800W,Unit,26,70.06,BATCH-51735,,INV-481903,Quality checked and approved
South Bay Store,Regional Supply Chain,2026-01-02,Blender 800W,Unit,22,65.14,BATCH-60536,,INV-226549,Seasonal inventory
Eastgate Shopping Center,Express Distribution Co.,2025-12-02,Blender 800W,Unit,10,68.82,BATCH-38595,,INV-876237,Rush delivery
Northpoint Outlet,Eco-Friendly Suppliers,2025-12-23,Blender 800W,Unit,26,71.87,BATCH-61027,,INV-268562,Seasonal inventory
Northpoint Outlet,Regional Supply Chain,2026-01-01,Blender 800W,Unit,28,57.2,BATCH-43898,,INV-813539,Seasonal inventory
Northpoint Outlet,Quality Foods Ltd.,2025-12-16,Blender 800W,Unit,25,55.53,BATCH-99456,,INV-475543,Seasonal inventory
Northpoint Outlet,Mega Suppliers Inc.,2026-01-04,Microwave Oven 800W,Unit,21,114.83,BATCH-57565,,INV-455773,
Northpoint Outlet,Prime Importers,2025-11-29,Microwave Oven 800W,Unit,19,92.04,BATCH-99918,,INV-979240,
Northpoint Outlet,Quality Foods Ltd.,2026-01-22,Microwave Oven 800W,Unit,26,118.56,BATCH-15976,,INV-561617,
Westside Mall Branch,Mega Suppliers Inc.,2025-11-17,Microwave Oven 800W,Unit,14,119.67,BATCH-44185,,INV-276847,Seasonal inventory
Eastgate Shopping Center,Global Food Distributors,2026-01-27,Microwave Oven 800W,Unit,16,108.94,BATCH-16670,,INV-362611,
Eastgate Shopping Center,FreshFarm Wholesale Co.,2025-11-18,Microwave Oven 800W,Unit,20,102.81,BATCH-81367,,INV-298352,
Eastgate Shopping Center,Regional Supply Chain,2026-01-26,Microwave Oven 800W,Unit,24,118.72,BATCH-81787,,INV-407503,
South Bay Store,FreshFarm Wholesale Co.,2025-11-13,Microwave Oven 800W,Unit,18,111.83,BATCH-90450,,INV-871248,Seasonal inventory
South Bay Store,Regional Supply Chain,2026-01-31,Microwave Oven 800W,Unit,14,97.23,BATCH-11977,,INV-933858,Seasonal inventory
South Bay Store,Quality Foods Ltd.,2025-12-07,Microwave Oven 800W,Unit,12,113.57,BATCH-88930,,INV-928227,Promotional stock
Downtown Main Store,Quality Foods Ltd.,2025-11-26,Air Fryer 4L,Unit,25,90.78,BATCH-54952,,INV-684474,
Downtown Main Store,Premium Grocers Supply,2025-11-25,Air Fryer 4L,Unit,35,91.92,BATCH-97062,,INV-213787,Seasonal inventory
South Bay Store,Quality Foods Ltd.,2025-11-17,Air Fryer 4L,Unit,28,94.12,BATCH-38385,,INV-242518,
South Bay Store,Express Distribution Co.,2025-12-19,Air Fryer 4L,Unit,22,85.63,BATCH-18068,,INV-248022,Rush delivery
Westside Mall Branch,Bulk Foods Warehouse,2025-12-22,Air Fryer 4L,Unit,33,73.1,BATCH-79690,,INV-896969,
Westside Mall Branch,Bulk Foods Warehouse,2026-01-21,Air Fryer 4L,Unit,31,75.47,BATCH-40939,,INV-217362,Seasonal inventory
Eastgate Shopping Center,FreshFarm Wholesale Co.,2026-01-21,Air Fryer 4L,Unit,39,76.83,BATCH-38627,,INV-351033,Quality checked and approved
Eastgate Shopping Center,Eco-Friendly Suppliers,2025-12-14,Air Fryer 4L,Unit,25,75.15,BATCH-44931,,INV-921239,
Eastgate Shopping Center,FreshFarm Wholesale Co.,2025-11-11,Air Fryer 4L,Unit,32,81.62,BATCH-30353,,INV-783084,
Eastgate Shopping Center,FreshFarm Wholesale Co.,2025-11-19,Electric Kettle 1.7L,Unit,64,26.36,BATCH-88297,,INV-211874,Promotional stock
Eastgate Shopping Center,Premium Grocers Supply,2025-11-22,Electric Kettle 1.7L,Unit,47,31.58,BATCH-81118,,INV-988140,Promotional stock
Westside Mall Branch,Premium Grocers Supply,2026-01-14,Electric Kettle 1.7L,Unit,44,24.01,BATCH-76048,,INV-147278,
Northpoint Outlet,FreshFarm Wholesale Co.,2026-01-30,Electric Kettle 1.7L,Unit,61,28.73,BATCH-67203,,INV-564263,Rush delivery
Northpoint Outlet,Mega Suppliers Inc.,2025-11-06,Electric Kettle 1.7L,Unit,46,30.05,BATCH-80032,,INV-137922,
Northpoint Outlet,Global Food Distributors,2026-01-15,Electric Kettle 1.7L,Unit,57,26.3,BATCH-60756,,INV-348064,Quality checked and approved
South Bay Store,Quality Foods Ltd.,2025-12-24,Electric Kettle 1.7L,Unit,51,31.26,BATCH-42545,,INV-291302,Rush delivery
South Bay Store,Global Food Distributors,2026-01-10,Electric Kettle 1.7L,Unit,61,26.33,BATCH-66200,,INV-467702,
Northpoint Outlet,Prime Importers,2025-11-15,Vacuum Cleaner Bagless,Unit,16,115.76,BATCH-13878,,INV-763554,Rush delivery
Northpoint Outlet,Express Distribution Co.,2026-01-16,Vacuum Cleaner Bagless,Unit,21,116.2,BATCH-28282,,INV-238969,
Northpoint Outlet,Regional Supply Chain,2026-01-07,Vacuum Cleaner Bagless,Unit,27,129.36,BATCH-95369,,INV-271583,Promotional stock
Westside Mall Branch,Express Distribution Co.,2025-11-05,Vacuum Cleaner Bagless,Unit,9,126.94,BATCH-71472,,INV-757901,Seasonal inventory
Westside Mall Branch,Regional Supply Chain,2025-11-30,Vacuum Cleaner Bagless,Unit,27,112.67,BATCH-85618,,INV-498790,Promotional stock
Westside Mall Branch,Bulk Foods Warehouse,2026-01-13,Vacuum Cleaner Bagless,Unit,12,115.59,BATCH-64615,,INV-583292,Seasonal inventory
South Bay Store,Eco-Friendly Suppliers,2026-02-02,Vacuum Cleaner Bagless,Unit,8,113.46,BATCH-93333,,INV-799574,Seasonal inventory
South Bay Store,Regional Supply Chain,2025-11-14,Vacuum Cleaner Bagless,Unit,8,130.71,BATCH-73123,,INV-600227,Promotional stock
Downtown Main Store,Bulk Foods Warehouse,2026-01-15,Vacuum Cleaner Bagless,Unit,26,120.25,BATCH-41305,,INV-312101,
Downtown Main Store,Regional Supply Chain,2025-11-22,Vacuum Cleaner Bagless,Unit,8,128.14,BATCH-15391,,INV-475413,Seasonal inventory
Downtown Main Store,Eco-Friendly Suppliers,2025-11-08,Vacuum Cleaner Bagless,Unit,18,136.8,BATCH-90051,,INV-168571,
Westside Mall Branch,Mega Suppliers Inc.,2025-11-21,Iron Steam 2400W,Unit,24,38.07,BATCH-46997,,INV-152098,Quality checked and approved
South Bay Store,Bulk Foods Warehouse,2025-12-22,Iron Steam 2400W,Unit,41,35.34,BATCH-71419,,INV-952626,Quality checked and approved
Eastgate Shopping Center,FreshFarm Wholesale Co.,2025-11-06,Iron Steam 2400W,Unit,27,38.8,BATCH-19543,,INV-728577,
Northpoint Outlet,Mega Suppliers Inc.,2025-11-26,Iron Steam 2400W,Unit,15,38.97,BATCH-42048,,INV-635577,
Northpoint Outlet,Premium Grocers Supply,2026-01-01,Iron Steam 2400W,Unit,27,31.36,BATCH-49876,,INV-222575,Rush delivery
Northpoint Outlet,Eco-Friendly Suppliers,2025-11-24,Iron Steam 2400W,Unit,28,30.1,BATCH-99865,,INV-277687,
South Bay Store,Global Food Distributors,2026-01-05,Hair Dryer 2000W,Unit,36,42.61,BATCH-23670,,INV-799325,Seasonal inventory
Northpoint Outlet,Regional Supply Chain,2026-01-12,Hair Dryer 2000W,Unit,40,42.52,BATCH-39449,,INV-114186,Rush delivery
Eastgate Shopping Center,FreshFarm Wholesale Co.,2025-12-04,Hair Dryer 2000W,Unit,23,43.29,BATCH-44717,,INV-643370,
Westside Mall Branch,Regional Supply Chain,2025-12-09,Hair Dryer 2000W,Unit,48,34.31,BATCH-92729,,INV-702531,
Westside Mall Branch,Bulk Foods Warehouse,2025-11-20,Hair Dryer 2000W,Unit,55,41.18,BATCH-53912,,INV-296428,Rush delivery
Northpoint Outlet,Premium Grocers Supply,2025-11-20,Electric Toothbrush,Unit,19,56.16,BATCH-77544,,INV-446328,Promotional stock
Northpoint Outlet,Quality Foods Ltd.,2026-01-21,Electric Toothbrush,Unit,32,52.66,BATCH-30717,,INV-241275,
South Bay Store,Bulk Foods Warehouse,2026-01-16,Electric Toothbrush,Unit,41,53.19,BATCH-47317,,INV-586423,
South Bay Store,Mega Suppliers Inc.,2025-12-26,Electric Toothbrush,Unit,17,54.04,BATCH-88065,,INV-599896,
South Bay Store,Quality Foods Ltd.,2025-12-02,Electric Toothbrush,Unit,40,55.43,BATCH-33227,,INV-243058,Seasonal inventory
Downtown Main Store,Bulk Foods Warehouse,2025-12-27,Electric Toothbrush,Unit,18,57.77,BATCH-69728,,INV-256482,Seasonal inventory
Downtown Main Store,FreshFarm Wholesale Co.,2026-01-09,Electric Toothbrush,Unit,28,62.06,BATCH-98912,,INV-210017,Quality checked and approved
Westside Mall Branch,Quality Foods Ltd.,2025-11-22,Electric Toothbrush,Unit,55,61.58,BATCH-60751,,INV-292860,
Eastgate Shopping Center,Prime Importers,2026-01-28,Electric Toothbrush,Unit,42,58.51,BATCH-29262,,INV-550357,Seasonal inventory
Eastgate Shopping Center,Bulk Foods Warehouse,2025-12-25,Electric Toothbrush,Unit,15,48.55,BATCH-20265,,INV-709603,Quality checked and approved
Eastgate Shopping Center,Quality Foods Ltd.,2025-11-08,Electric Toothbrush,Unit,20,55.81,BATCH-38265,,INV-173066,
Westside Mall Branch,Regional Supply Chain,2025-12-21,Massage Gun,Unit,31,78.43,BATCH-62630,,INV-462231,Quality checked and approved
Northpoint Outlet,Eco-Friendly Suppliers,2026-01-19,Massage Gun,Unit,20,90.05,BATCH-87571,,INV-568580,
Northpoint Outlet,Eco-Friendly Suppliers,2025-12-10,Massage Gun,Unit,26,84.66,BATCH-31475,,INV-848889,Seasonal inventory
Eastgate Shopping Center,Eco-Friendly Suppliers,2025-11-10,Massage Gun,Unit,12,97.3,BATCH-65037,,INV-178585,Rush delivery
Eastgate Shopping Center,Prime Importers,2025-12-09,Massage Gun,Unit,39,100.67,BATCH-72043,,INV-160128,
Eastgate Shopping Center,Eco-Friendly Suppliers,2025-11-06,Massage Gun,Unit,16,79,BATCH-67766,,INV-939261,
Downtown Main Store,Express Distribution Co.,2026-01-23,Massage Gun,Unit,11,86.31,BATCH-12164,,INV-484274,
South Bay Store,Express Distribution Co.,2025-12-22,Massage Gun,Unit,21,100.5,BATCH-33402,,INV-117436,
South Bay Store,Prime Importers,2026-01-03,Massage Gun,Unit,15,84.34,BATCH-18746,,INV-961912,
South Bay Store,Quality Foods Ltd.,2026-01-28,Massage Gun,Unit,20,85.28,BATCH-11553,,INV-471001,
South Bay Store,Prime Importers,2025-11-16,Jump Rope Speed,Unit,57,11.4,BATCH-46145,,INV-902979,
South Bay Store,Mega Suppliers Inc.,2025-12-29,Jump Rope Speed,Unit,59,9.99,BATCH-69180,,INV-565447,
Northpoint Outlet,Premium Grocers Supply,2026-01-06,Jump Rope Speed,Unit,55,10.18,BATCH-70364,,INV-474316,Seasonal inventory
Northpoint Outlet,Regional Supply Chain,2025-12-09,Jump Rope Speed,Unit,61,10.03,BATCH-34059,,INV-240100,
Eastgate Shopping Center,Premium Grocers Supply,2026-01-11,Jump Rope Speed,Unit,80,11.97,BATCH-51851,,INV-919618,Quality checked and approved
Westside Mall Branch,Prime Importers,2025-11-30,Jump Rope Speed,Unit,47,11.16,BATCH-16032,,INV-385837,Rush delivery
South Bay Store,Premium Grocers Supply,2026-01-06,Foam Roller,Unit,30,16.92,BATCH-98898,,INV-454073,Quality checked and approved
South Bay Store,Regional Supply Chain,2025-12-04,Foam Roller,Unit,28,16.05,BATCH-79797,,INV-363020,
South Bay Store,Eco-Friendly Suppliers,2025-11-26,Foam Roller,Unit,60,17.01,BATCH-88630,,INV-400417,
Westside Mall Branch,Eco-Friendly Suppliers,2026-01-17,Foam Roller,Unit,63,18.16,BATCH-50377,,INV-167881,Rush delivery
Westside Mall Branch,Eco-Friendly Suppliers,2026-02-02,Foam Roller,Unit,29,19.66,BATCH-77504,,INV-423346,
Northpoint Outlet,Prime Importers,2026-01-22,Foam Roller,Unit,26,15.02,BATCH-93094,,INV-335601,Promotional stock
Northpoint Outlet,Global Food Distributors,2025-11-17,Foam Roller,Unit,30,18.35,BATCH-95913,,INV-734702,Quality checked and approved
Northpoint Outlet,Regional Supply Chain,2026-01-24,Foam Roller,Unit,46,15.61,BATCH-92279,,INV-962068,Rush delivery
South Bay Store,Quality Foods Ltd.,2026-01-12,Kettlebell 10kg,Unit,42,34.4,BATCH-29111,,INV-833231,Quality checked and approved
Westside Mall Branch,Premium Grocers Supply,2025-11-16,Kettlebell 10kg,Unit,15,27.44,BATCH-78244,,INV-198807,Seasonal inventory
Westside Mall Branch,Eco-Friendly Suppliers,2025-11-08,Kettlebell 10kg,Unit,42,32.38,BATCH-99521,,INV-896906,Promotional stock
Downtown Main Store,FreshFarm Wholesale Co.,2026-01-30,Kettlebell 10kg,Unit,39,28.08,BATCH-37374,,INV-200455,Quality checked and approved
Downtown Main Store,Mega Suppliers Inc.,2025-11-18,Kettlebell 10kg,Unit,26,30.83,BATCH-44096,,INV-187253,
Downtown Main Store,Eco-Friendly Suppliers,2026-01-01,Kettlebell 10kg,Unit,42,31.29,BATCH-58122,,INV-630901,Promotional stock
Eastgate Shopping Center,Premium Grocers Supply,2025-12-13,Kettlebell 10kg,Unit,49,28.74,BATCH-25174,,INV-850109,Seasonal inventory
Eastgate Shopping Center,Mega Suppliers Inc.,2026-02-02,Kettlebell 10kg,Unit,39,34.03,BATCH-14215,,INV-260752,Seasonal inventory
South Bay Store,FreshFarm Wholesale Co.,2026-01-06,Thermos 500ml,Unit,49,22.07,BATCH-86604,,INV-177048,Promotional stock
Northpoint Outlet,Prime Importers,2026-01-25,Thermos 500ml,Unit,67,19.93,BATCH-26167,,INV-776432,
Northpoint Outlet,Eco-Friendly Suppliers,2025-12-09,Thermos 500ml,Unit,36,23.54,BATCH-91337,,INV-888149,Promotional stock
Eastgate Shopping Center,Eco-Friendly Suppliers,2025-12-02,Thermos 500ml,Unit,65,22.23,BATCH-82422,,INV-760097,Quality checked and approved
Eastgate Shopping Center,Bulk Foods Warehouse,2025-11-12,Thermos 500ml,Unit,74,21.59,BATCH-55719,,INV-250349,
Eastgate Shopping Center,Eco-Friendly Suppliers,2025-11-21,Thermos 500ml,Unit,78,19.5,BATCH-56368,,INV-852116,Promotional stock
Downtown Main Store,Bulk Foods Warehouse,2026-01-23,Thermos 500ml,Unit,62,22.5,BATCH-24647,,INV-722517,
Downtown Main Store,Eco-Friendly Suppliers,2025-12-04,Thermos 500ml,Unit,47,18.91,BATCH-65468,,INV-953604,Seasonal inventory
Downtown Main Store,Express Distribution Co.,2025-12-10,First Aid Kit,Unit,29,22.27,BATCH-13192,,INV-634554,Promotional stock
Downtown Main Store,Eco-Friendly Suppliers,2026-01-04,First Aid Kit,Unit,48,26.48,BATCH-80411,,INV-152550,
Downtown Main Store,FreshFarm Wholesale Co.,2025-12-15,First Aid Kit,Unit,20,22.38,BATCH-20347,,INV-767778,
Northpoint Outlet,Bulk Foods Warehouse,2025-12-24,First Aid Kit,Unit,38,26.07,BATCH-21399,,INV-664037,Promotional stock
South Bay Store,Quality Foods Ltd.,2026-01-27,First Aid Kit,Unit,32,24.05,BATCH-95322,,INV-107405,
South Bay Store,Eco-Friendly Suppliers,2025-11-29,First Aid Kit,Unit,39,24.62,BATCH-62021,,INV-948281,
South Bay Store,Eco-Friendly Suppliers,2026-01-13,First Aid Kit,Unit,49,23.91,BATCH-85332,,INV-289380,Rush delivery
Eastgate Shopping Center,Prime Importers,2025-11-05,First Aid Kit,Unit,42,21.82,BATCH-49513,,INV-880825,Rush delivery
Westside Mall Branch,Mega Suppliers Inc.,2026-01-18,First Aid Kit,Unit,32,22.4,BATCH-17113,,INV-340480,
Westside Mall Branch,FreshFarm Wholesale Co.,2026-01-17,First Aid Kit,Unit,19,23.87,BATCH-81535,,INV-300395,
Westside Mall Branch,Regional Supply Chain,2025-11-15,First Aid Kit,Unit,30,23.89,BATCH-99474,,INV-295994,Promotional stock
Westside Mall Branch,Prime Importers,2025-12-12,Candles Scented 3-Pack,Unit,47,14.45,BATCH-24076,,INV-108857,Rush delivery
Westside Mall Branch,Eco-Friendly Suppliers,2026-01-08,Candles Scented 3-Pack,Unit,67,12.78,BATCH-61317,,INV-245121,
South Bay Store,Bulk Foods Warehouse,2026-01-24,Candles Scented 3-Pack,Unit,59,13.12,BATCH-83032,,INV-420601,Seasonal inventory
Downtown Main Store,Mega Suppliers Inc.,2026-01-12,Candles Scented 3-Pack,Unit,92,14.99,BATCH-73046,,INV-226139,
Northpoint Outlet,FreshFarm Wholesale Co.,2026-01-08,Candles Scented 3-Pack,Unit,58,12.5,BATCH-41773,,INV-978880,Rush delivery
Northpoint Outlet,Quality Foods Ltd.,2025-11-07,Candles Scented 3-Pack,Unit,91,12.7,BATCH-92173,,INV-523853,Promotional stock
